ID,Year,Make,Model,Trim,Body,Transmission,State,Condition,Odometer,Color,Interior,Seller,Mmr,SellingPrice,SaleDate
d53e0892-35b5-46b9-b6bb-6fa43b468dac,2015,Kia,Sorento,LX,SUV,automatic,ca,5,16639,white,black,kia motors america  inc,20500,21500,Tue Dec 16 2014 12:30:00 GMT-0800 (PST)
4a3eccdd-7752-4df0-9a22-32459fc0246d,2014,BMW,3 Series,328i SULEV,Sedan,automatic,ca,45,1331,gray,black,financial services remarketing (lease),31900,30000,Thu Jan 15 2015 04:30:00 GMT-0800 (PST)
908a280c-b1d6-45ba-aa04-6dd6d24add5e,2015,Kia,Sorento,LX,SUV,automatic,ca,5,9393,white,beige,kia motors america  inc,20800,21500,Tue Dec 16 2014 12:30:00 GMT-0800 (PST)
6fe437f4-ea20-4439-ac22-b34b111cb3cf,2014,BMW,M5,Base,Sedan,automatic,ca,34,14943,black,black,the hertz corporation,69000,65000,Wed Dec 17 2014 12:30:00 GMT-0800 (PST)
fce306dc-b209-4b55-a0b9-11fde446f033,2015,Volvo,S60,T5,Sedan,automatic,ca,41,14282,white,black,volvo na rep/world omni,27500,27750,Thu Jan 29 2015 04:30:00 GMT-0800 (PST)
b6e85d41-588d-4b98-8a6c-03bc35ef2ba6,2014,BMW,6 Series Gran Coupe,650i,Sedan,automatic,ca,43,2641,gray,black,financial services remarketing (lease),66000,67000,Thu Dec 18 2014 12:30:00 GMT-0800 (PST)
f3d326c7-077d-493e-8afc-0a43acba0867,2015,Nissan,Altima,2.5 S,Sedan,automatic,ca,1,5554,gray,black,enterprise vehicle exchange / tra / rental / tulsa,15350,10900,Tue Dec 30 2014 12:00:00 GMT-0800 (PST)
23e0a94a-bfb8-4467-91ae-8034102a2d48,2015,Kia,Sorento,LX,SUV,automatic,ca,5,14634,silver,black,kia motors america  inc,20600,21500,Tue Dec 16 2014 12:30:00 GMT-0800 (PST)
a28b64a1-c448-4a0f-87bc-22a98e86c207,2014,Chevrolet,Cruze,1LT,Sedan,automatic,ca,2,28617,black,black,enterprise vehicle exchange / tra / rental / tulsa,11900,9800,Tue Dec 16 2014 13:00:00 GMT-0800 (PST)
e8552590-61c1-4e3b-b09d-f7d0d56af685,2014,Audi,A4,2.0T Premium Plus quattro,Sedan,automatic,ca,42,9557,white,black,audi mission viejo,32100,32250,Thu Dec 18 2014 12:00:00 GMT-0800 (PST)
17d944c4-357d-4479-ac2a-c19625ff8439,2014,Chevrolet,Camaro,LT,Convertible,automatic,ca,3,4809,red,black,d/m auto sales inc,26300,17500,Tue Jan 20 2015 04:00:00 GMT-0800 (PST)
75c1634d-ea4e-4a15-9394-a4564d07b352,2014,Audi,A6,3.0T Prestige quattro,Sedan,automatic,ca,48,14414,black,black,desert auto trade,47300,49750,Tue Dec 16 2014 12:30:00 GMT-0800 (PST)
ac8ab35d-d447-4435-a1ca-6cc32c803fd8,2015,Kia,Optima,LX,Sedan,automatic,ca,48,2034,red,tan,kia motors finance,15150,17700,Tue Dec 16 2014 12:00:00 GMT-0800 (PST)
d82e7eb9-c6c3-416b-9212-068aab186e2e,2015,Ford,Fusion,SE,Sedan,automatic,ca,2,5559,white,beige,enterprise vehicle exchange / tra / rental / tulsa,15350,12000,Tue Jan 13 2015 12:00:00 GMT-0800 (PST)
49794354-3c4d-417b-8341-f12425b80686,2014,BMW,6 Series,650i,Convertible,automatic,ca,34,8819,black,black,the hertz corporation,68000,67200,Wed Dec 17 2014 12:30:00 GMT-0800 (PST)
aa708632-6d46-46d7-9737-ea4324f98b87,2014,Chevrolet,Cruze,2LT,Sedan,automatic,ca,,15686,blue,black,avis rac/san leandro,13900,10600,Tue Dec 16 2014 12:00:00 GMT-0800 (PST)
23f1d370-606b-4fe9-a574-f0f89a778c2d,2015,Nissan,Altima,2.5 S,Sedan,automatic,ca,2,11398,black,black,enterprise vehicle exchange / tra / rental / tulsa,14750,14100,Tue Dec 23 2014 12:00:00 GMT-0800 (PST)
3680e120-6648-4b11-bfc3-142ec16a31ad,2015,Hyundai,Sonata,SE,Sedan,automatic,ca,,8311,red,—,avis tra,15200,4200,Tue Dec 16 2014 13:00:00 GMT-0800 (PST)
11af705f-3494-4beb-8888-14002a38e0fe,2014,Audi,Q5,2.0T Premium Plus quattro,SUV,automatic,ca,49,7983,white,black,audi north scottsdale,37100,40000,Thu Dec 18 2014 12:30:00 GMT-0800 (PST)
3a170c12-fda1-4ca0-821a-21f50d64d406,2014,Chevrolet,Camaro,LS,Coupe,automatic,ca,17,13441,black,black,wells fargo dealer services,17750,17000,Tue Dec 30 2014 15:00:00 GMT-0800 (PST)
9db84245-2bc2-4357-83bc-51a36be4c59f,2015,Chevrolet,Impala,LTZ,Sedan,automatic,ca,19,14538,silver,black,enterprise vehicle exchange / tra / rental / tulsa,24300,7200,Tue Jul 07 2015 09:30:00 GMT-0700 (PDT)
89a3f2dc-d2e7-44d9-8dfb-5ad745868d1c,2014,BMW,5 Series,528i,Sedan,automatic,ca,29,25969,black,black,financial services remarketing (lease),34200,30000,Tue Feb 03 2015 04:30:00 GMT-0800 (PST)
52ae208f-c0fd-455c-b95d-5651e9ba0426,2014,Chevrolet,Camaro,LT,Convertible,automatic,ca,,33450,black,black,avis rac/san leandro,20100,14700,Tue Dec 16 2014 12:00:00 GMT-0800 (PST)
36d33a5c-ad13-4417-8e8f-a07d49b91d52,2015,Audi,A3,1.8 TFSI Premium,Sedan,automatic,ca,49,5826,gray,black,audi north scottsdale,24000,23750,Thu Dec 18 2014 12:30:00 GMT-0800 (PST)
fec2df57-5a88-453d-a01d-2bee93e5d694,2014,BMW,6 Series,650i,Convertible,automatic,ca,38,10736,black,black,the hertz corporation,67000,65000,Tue Jan 06 2015 12:30:00 GMT-0800 (PST)
587a81b2-57f4-4bb2-977a-9d1d8a2e3579,2015,Hyundai,Sonata,SE,Sedan,automatic,ca,,9281,silver,gray,enterprise vehicle exchange / tra / rental / tulsa,15150,8500,Tue Dec 16 2014 13:00:00 GMT-0800 (PST)
e640172f-fc1f-47e7-a82f-d631327d2435,2015,Volvo,XC70,T6,Wagon,automatic,ca,42,16506,brown,brown,volvo na rep/world omni,32100,32500,Thu Feb 26 2015 04:30:00 GMT-0800 (PST)
1530accc-bb21-48a7-92e2-00254fcbea5b,2015,Volvo,XC70,T6,Wagon,automatic,ca,48,12725,beige,beige,volvo na rep/world omni,32300,32500,Thu Feb 12 2015 04:30:00 GMT-0800 (PST)
28e668ff-8910-474c-8a84-762287f750b5,2014,Chevrolet,Camaro,LT,Coupe,automatic,ca,42,11874,gray,black,midway hfc fleet/ars,22200,19500,Thu Dec 18 2014 12:00:00 GMT-0800 (PST)
2a52355b-e9cd-440c-9ff8-b883931c1cd5,2014,BMW,X5,sDrive35i,SUV,automatic,ca,,11278,gray,black,avis rac/san leandro,50400,34000,Tue Dec 16 2014 13:00:00 GMT-0800 (PST)
b29ffbbd-834b-4127-a224-bccfb5280eaa,2014,Chevrolet,Cruze,1LT,Sedan,automatic,ca,42,37888,gray,black,enterprise vehicle exchange/orange,11600,11500,Tue Dec 30 2014 12:30:00 GMT-0800 (PST)
f043f746-28e2-426b-9968-84f7b23815b1,2014,Audi,SQ5,3.0T Premium Plus quattro,SUV,automatic,ca,42,9606,white,black,audi of downtown l a,48600,47500,Thu Jan 29 2015 04:00:00 GMT-0800 (PST)
c89c479e-aeea-473d-9a0e-0c33c96cf86a,2015,Kia,Sorento,LX,SUV,automatic,ca,5,13757,red,black,kia motors america  inc,20600,20750,Tue Dec 16 2014 12:30:00 GMT-0800 (PST)
42fef19d-2bdd-4886-8074-9ed610023821,2014,Audi,S5,Premium Plus quattro,Coupe,automatic,ca,38,5875,black,black,fratelli investment group,46500,44500,Thu Dec 18 2014 12:00:00 GMT-0800 (PST)
82f024db-4896-432e-87b7-c8495de93a17,2015,Kia,Sorento,LX,SUV,automatic,ca,44,12862,gray,black,kia motors america  inc,20700,21000,Tue Dec 16 2014 12:30:00 GMT-0800 (PST)
eba39b3c-17f2-40ba-96e4-145a438431ad,2014,Buick,Verano,Convenience Group,Sedan,,ca,2,19531,gray,gray,enterprise vehicle exchange / tra / rental / tulsa,15000,9200,Tue Jan 06 2015 04:00:00 GMT-0800 (PST)
3a365421-5416-43af-a724-58d88c1cdfbb,2014,BMW,M5,Base,Sedan,automatic,ca,38,16360,black,black,the hertz corporation,65000,64250,Tue Jan 13 2015 04:30:00 GMT-0800 (PST)
4d6906a8-d612-40b6-9a61-95a69257e312,2015,Chevrolet,Suburban,LTZ,SUV,automatic,ca,45,11426,black,black,midway hfc fleet/ars,57300,59900,Thu Dec 18 2014 12:00:00 GMT-0800 (PST)
9ce29a1b-452e-45c3-a398-36c54819002c,2014,BMW,3 Series,328i SULEV,Sedan,automatic,ca,5,111,black,—,financial services remarketing (lease),32200,30500,Thu Jan 15 2015 04:30:00 GMT-0800 (PST)
781080f7-3ee0-48d2-a120-a85357ab5562,2014,BMW,3 Series,328i SULEV,Sedan,automatic,ca,45,9027,white,black,financial services remarketing (lease),30200,27500,Thu Jan 15 2015 04:30:00 GMT-0800 (PST)
4c6926a8-8dd0-4ae2-91bb-de8fbb68ffdf,2015,Hyundai,Sonata,SE,Sedan,automatic,ca,,9208,silver,gray,enterprise vehicle exchange / tra / rental / tulsa,15700,10000,Thu Dec 18 2014 12:00:00 GMT-0800 (PST)
dbabd8d5-c4d0-4b5d-98ee-a19e934b4e3e,2015,Volvo,V60,T5,Wagon,automatic,ca,41,11846,white,beige,volvo na rep/world omni,31300,30000,Thu Dec 18 2014 12:30:00 GMT-0800 (PST)
2027a3b7-3329-46e4-b4fc-26501ee78efc,2014,Cadillac,ELR,Base,Coupe,automatic,ca,47,4436,gray,black,rogue cu,49400,44000,Wed Feb 04 2015 04:30:00 GMT-0800 (PST)
4d774313-cce1-4316-8a87-6e54a0723eab,2014,Chevrolet,Cruze,1LT,Sedan,,ca,,38261,white,—,avis tra,11450,2000,Tue Dec 16 2014 13:00:00 GMT-0800 (PST)
acdcbdb9-fd9c-4387-b122-2f27d21e83c9,2014,BMW,6 Series,650i,Convertible,automatic,ca,32,13205,white,black,the hertz corporation,66000,65000,Tue Jan 06 2015 04:30:00 GMT-0800 (PST)
dd030cf4-585e-4fd7-81c2-5053b21a5ce2,2014,BMW,X6,xDrive35i,SUV,automatic,ca,4,379,white,black,financial services remarketing (lease),54800,51700,Thu Dec 18 2014 12:30:00 GMT-0800 (PST)
bf75d56a-8feb-48d2-9c48-fc4ff35202fb,2015,Kia,Sorento,LX,SUV,automatic,ca,5,13878,silver,black,kia motors america  inc,20600,20750,Tue Dec 16 2014 12:30:00 GMT-0800 (PST)
7ea590c5-424c-45d0-a590-a9d3c383ae91,2015,Volvo,V60,T5,Wagon,automatic,ca,42,12242,black,gray,volvo na rep/world omni,31200,30000,Thu Dec 18 2014 12:30:00 GMT-0800 (PST)
083b581b-530e-46cd-a135-b9197ea67c74,2015,Volvo,V60,T5,Wagon,automatic,ca,37,10906,silver,black,volvo na rep/world omni,31500,30000,Thu Dec 18 2014 12:30:00 GMT-0800 (PST)
dea0026e-260a-4e48-a59c-0016c424299c,2014,Chevrolet,Cruze,2LT,Sedan,automatic,ca,34,40661,silver,black,avis corporation,13050,13000,Thu Jan 22 2015 03:30:00 GMT-0800 (PST)
905ba3da-659e-480b-846e-6bcc96f40f5e,2014,Acura,ILX,Technology Package,Sedan,automatic,ca,25,9051,gray,black,american honda motor company,22700,21250,Thu Dec 18 2014 12:00:00 GMT-0800 (PST)
d4ac796b-8e1d-46f8-a3ce-f3efcbf3b359,2015,Nissan,Altima,2.5 S,Sedan,automatic,ca,,10678,gray,black,enterprise vehicle exchange / tra / rental / tulsa,15150,11600,Thu Dec 18 2014 12:00:00 GMT-0800 (PST)
fb445154-5430-4829-a49a-7044987d0816,2015,Nissan,Altima,2.5 S,Sedan,automatic,ca,1,4314,black,black,enterprise vehicle exchange / tra / rental / tulsa,15500,11500,Tue Dec 30 2014 12:00:00 GMT-0800 (PST)
d250f477-28da-4e19-9300-68f9c2c867f4,2014,BMW,6 Series Gran Coupe,650i,Sedan,automatic,ca,42,7305,white,black,the hertz corporation,65000,66100,Wed Dec 17 2014 12:30:00 GMT-0800 (PST)
6a123343-b4cb-4555-be6b-e697e218a542,2015,Kia,K900,Luxury,Sedan,automatic,ca,42,5304,blue,black,kia motors america  inc,39500,40000,Tue Feb 17 2015 04:30:00 GMT-0800 (PST)
09c822e0-9194-4178-9f93-5336135fabb3,2015,Kia,Sorento,LX,SUV,automatic,ca,48,10357,silver,gray,kia motors america  inc,20700,20500,Tue Dec 16 2014 12:30:00 GMT-0800 (PST)
a6589b00-9709-4c10-8161-326b22cf8d1d,2015,Chevrolet,Malibu,LT,Sedan,automatic,ca,1,6105,silver,black,enterprise vehicle exchange / tra / rental / tulsa,16600,9800,Wed Jan 14 2015 07:05:00 GMT-0800 (PST)
d0f43b43-d0ad-49f2-b1de-5cbbb07f3e68,2015,Lexus,RX 350,Base,SUV,automatic,ca,43,7770,white,black,lexus financial services,41200,38400,Tue Dec 30 2014 00:00:00 GMT-0800 (PST)
75c73e6c-3ec1-4ef5-8265-401e254bbec2,2015,Kia,Sorento,LX,SUV,automatic,ca,5,5214,white,black,kia motors finance,19400,19300,Tue Dec 16 2014 12:00:00 GMT-0800 (PST)
0a57b646-e456-451f-b0a2-5fb4c0bf0110,2014,BMW,M5,Base,Sedan,automatic,ca,47,7766,gray,black,fratelli investment group,71000,77250,Thu Dec 18 2014 12:00:00 GMT-0800 (PST)
cd36d4c7-cb1d-4a31-ac6f-dd0a26ed112b,2015,Nissan,Versa,1.6 SL,Sedan,manual,ca,39,1608,purple,black,nissan-infiniti lt,10900,11000,Wed Dec 17 2014 12:30:00 GMT-0800 (PST)
96d8acfa-3296-4097-a2c0-7014c3b68c35,2015,Kia,K900,Luxury,Sedan,automatic,ca,44,9684,white,gray,kia motors america  inc,41000,41000,Tue Jan 20 2015 04:30:00 GMT-0800 (PST)
5a446cf5-4702-4265-b006-be6776a5739c,2014,Chevrolet,Camaro,LT,Coupe,automatic,ca,31,9914,black,black,midway hfc fleet/ars,22500,20600,Thu Dec 18 2014 12:00:00 GMT-0800 (PST)
aefd435e-bc71-47a7-9657-a266d01346c8,2015,Hyundai,Elantra,SE,Sedan,automatic,ca,1,7879,silver,gray,enterprise vehicle exchange / tra / rental / tulsa,13800,10500,Tue Dec 16 2014 12:00:00 GMT-0800 (PST)
cc9f1e9f-a679-46fc-848c-b1bc0c71581b,2015,Kia,Sorento,LX,SUV,automatic,ca,5,14176,white,black,kia motors america  inc,20600,21250,Tue Dec 16 2014 12:30:00 GMT-0800 (PST)
c622d542-4ad5-4888-a5e1-ab22d467f637,2014,Chevrolet,Camaro,LT,Coupe,automatic,ca,41,17594,gray,black,midway hfc fleet/ars,21500,19600,Thu Dec 18 2014 12:00:00 GMT-0800 (PST)
78d9fb18-a5e7-4b04-95b3-a7be7ec83b61,2014,Audi,A8,L 3.0T quattro,Sedan,automatic,ca,43,32918,black,black,audi west covina,62000,50000,Tue Dec 30 2014 12:30:00 GMT-0800 (PST)
92448647-48dd-46a9-8466-f30d2804d8cf,2015,Audi,A3,1.8 TFSI Premium,Sedan,automatic,ca,5,1906,gray,black,audi north scottsdale,24100,25750,Thu Dec 18 2014 12:30:00 GMT-0800 (PST)
e9b458dc-ae18-4021-9f31-82423fce91b4,2014,BMW,6 Series,650i,Convertible,automatic,ca,4,8037,black,black,the hertz corporation,67000,65000,Tue Jan 06 2015 12:30:00 GMT-0800 (PST)
bda85423-9e26-4169-8534-a0a17020586a,2015,Nissan,Versa Note,1.6 SV,Hatchback,automatic,ca,2,5773,red,black,enterprise vehicle exchange / tra / rental / tulsa,12050,9000,Tue Jan 13 2015 12:00:00 GMT-0800 (PST)
f720ff5e-74a5-45d9-a62c-fa9149529edc,2015,Audi,A3,1.8 TFSI Premium,Sedan,automatic,ca,2,31,white,black,enterprise vehicle exchange / tra / rental / tulsa,24200,17300,Tue Dec 23 2014 12:00:00 GMT-0800 (PST)
521c0115-2263-4a4f-852c-33054a40bef7,2014,BMW,6 Series,650i,Coupe,automatic,ca,4,9837,black,—,financial services remarketing (lease),62000,61500,Thu Dec 18 2014 12:30:00 GMT-0800 (PST)
2a5fc3b9-c6c5-4099-a76a-c37fc32eb8f6,2014,BMW,X1,sDrive28i,SUV,automatic,ca,48,19689,white,black,financial services remarketing (lease),23700,26500,Thu Dec 18 2014 12:30:00 GMT-0800 (PST)
579eee32-5d0d-4ce2-b8ca-8c6a06bb5390,2014,Chevrolet,Camaro,LT,Coupe,automatic,ca,1,20595,red,gray,enterprise vehicle exchange / tra / rental / tulsa,20800,13600,Tue Dec 16 2014 13:00:00 GMT-0800 (PST)
d1d51ca3-02db-47ec-9188-395f6253c21c,2014,BMW,,750Li,Sedan,automatic,ca,43,12172,black,black,financial services remarketing (lease),67000,66000,Thu Dec 18 2014 12:30:00 GMT-0800 (PST)
bf96ceae-0b45-4833-a54e-2b8e1655bab9,2015,Volvo,V60,T5,Wagon,automatic,ca,4,13623,silver,black,volvo na rep/world omni,28400,28000,Thu Feb 26 2015 04:30:00 GMT-0800 (PST)
ba5e009a-8ff5-4eb8-b863-2a0c4bd4e96f,2014,Chevrolet,Camaro,LT,Coupe,automatic,ca,3,13606,black,black,enterprise vehicle exchange / tra / rental / tulsa,21400,13000,Tue Jan 06 2015 13:00:00 GMT-0800 (PST)
7c5ad077-4780-44c4-911d-ee1793969068,2014,BMW,6 Series Gran Coupe,650i,Sedan,automatic,ca,29,37752,white,black,financial services remarketing (lease),62000,58000,Tue Dec 16 2014 12:30:00 GMT-0800 (PST)
3b4c4d25-45ac-49f4-b212-552addeb2142,2015,Kia,Sorento,LX,SUV,automatic,ca,5,11001,white,black,kia motors america  inc,20700,22500,Tue Dec 16 2014 12:30:00 GMT-0800 (PST)
ab9e3c0d-73c2-49de-992f-51b0e9e45870,2014,Buick,Enclave,Leather Group,SUV,automatic,ca,1,14599,gray,black,enterprise vehicle exchange / tra / rental / tulsa,31000,24100,Tue Dec 30 2014 12:00:00 GMT-0800 (PST)
adae0424-9f19-4512-a958-16b7a7b1d76e,2014,BMW,4 Series,428i SULEV,Coupe,automatic,ca,37,18152,white,black,street smartz auto sales corporation,31000,39750,Tue Dec 16 2014 12:30:00 GMT-0800 (PST)
457e91e7-dbde-4e17-8455-95a2e5c61124,2014,BMW,M5,Base,Sedan,automatic,ca,38,13386,white,black,the hertz corporation,67000,65000,Thu Dec 18 2014 12:30:00 GMT-0800 (PST)
8f477ac6-d370-4c3d-a838-19f4e47806b1,2014,BMW,M5,Base,Sedan,automatic,ca,41,15161,white,black,the hertz corporation,66000,65801,Tue Dec 23 2014 12:30:00 GMT-0800 (PST)
9bbcb673-52f3-4924-a951-489f299462bb,2015,Kia,Sorento,LX,SUV,automatic,ca,46,13452,silver,black,kia motors america  inc,20600,21500,Tue Dec 16 2014 12:30:00 GMT-0800 (PST)
7ffcc22d-1346-4fec-b56f-3d5ac28a9b48,2014,Audi,TTS,quattro,Coupe,automatic,ca,28,3996,silver,black,fratelli investment group,41400,34250,Thu Dec 18 2014 12:00:00 GMT-0800 (PST)
4f1c25d4-065e-4853-bd8e-2b3f4d9bc8e0,2014,Chevrolet,Cruze,2LT,Sedan,automatic,ca,41,37938,black,black,avis rac/san leandro,12950,13700,Wed Dec 17 2014 12:30:00 GMT-0800 (PST)
a6fc5b73-1b31-44cd-beea-30b749fddccb,2015,Hyundai,Elantra,SE,Sedan,automatic,ca,2,10551,red,gray,enterprise vehicle exchange / tra / rental / tulsa,13850,10600,Tue Jan 13 2015 13:00:00 GMT-0800 (PST)
b791cdfc-9c09-4991-8a43-f9161e1fe271,2014,Chevrolet,Cruze,2LT,Sedan,automatic,ca,42,39623,blue,black,avis corporation,13350,13200,Thu Jan 15 2015 03:30:00 GMT-0800 (PST)
b948fc02-1d56-45ee-b92c-d8204188acaf,2015,Kia,Sorento,LX,SUV,automatic,ca,44,9161,silver,black,kia motors america  inc,20800,22250,Tue Dec 16 2014 12:30:00 GMT-0800 (PST)
23ae9007-fef3-4c32-8177-786f777e4416,2015,Hyundai,Elantra,SE,Sedan,automatic,ca,,9750,blue,gray,avis rac/san leandro,13700,10000,Tue Dec 16 2014 12:00:00 GMT-0800 (PST)
19323b0c-0b72-4958-aaff-27766bc77f44,2014,Chevrolet,Silverado 2500HD,Work Truck,Crew Cab,,ca,36,8742,white,gray,enterprise fleet management exchange  inc.,34000,34000,Thu Dec 18 2014 11:30:00 GMT-0800 (PST)
d0d91a06-5265-47a6-98f8-614230b60dbc,2015,Ford,Fusion,SE,Sedan,automatic,ca,1,4205,white,black,enterprise vehicle exchange / tra / rental / tulsa,14700,12000,Wed Dec 17 2014 15:05:00 GMT-0800 (PST)
4e795f7c-6e7d-4a2d-be15-e4f0c0bc1c1b,2014,BMW,6 Series,650i,Convertible,automatic,ca,37,8891,silver,black,the hertz corporation,68000,67200,Wed Dec 17 2014 12:30:00 GMT-0800 (PST)
6d068bf5-505b-4fb8-9c11-ce333a17f5e8,2014,Chevrolet,Cruze,2LT,Sedan,automatic,ca,2,8154,silver,black,enterprise vehicle exchange / tra / rental / tulsa,14150,10000,Thu Dec 18 2014 12:00:00 GMT-0800 (PST)
02f679e5-9e5b-445b-912d-7c9a3d951f2f,2014,Chevrolet,Silverado 1500,LT,Crew Cab,automatic,ca,37,6726,black,black,repo remarketing/visterra credit union,26900,30250,Wed Dec 17 2014 12:30:00 GMT-0800 (PST)
bffbc352-94f5-4531-92ac-d2ac4429464d,2014,Chevrolet,Cruze,2LT,Sedan,automatic,ca,37,36771,silver,black,avis rac/san leandro,13000,13600,Wed Dec 17 2014 12:30:00 GMT-0800 (PST)
38135642-30a2-4c97-9034-6317a1d74e1a,2015,Kia,Sorento,LX,SUV,automatic,ca,49,9552,burgundy,beige,kia motors america  inc,20800,21000,Tue Dec 16 2014 12:30:00 GMT-0800 (PST)
27b71c82-1259-4fed-8fb8-ce0976d97792,2014,Acura,MDX,Advance and Entertainment Packages,SUV,automatic,ca,49,21523,white,gray,onemain rem/m&m auto traders,39500,41500,Thu Dec 18 2014 12:00:00 GMT-0800 (PST)
d9b70666-833d-4d6e-8d27-66efcdcb9028,2015,Volvo,V60,T5,Wagon,automatic,ca,37,14806,white,beige,volvo na rep/world omni,30700,30000,Thu Dec 18 2014 12:30:00 GMT-0800 (PST)
4d984255-31d7-4738-9624-93facbc4ab78,2014,Chevrolet,Cruze,2LT,Sedan,automatic,ca,1,10673,red,black,enterprise vehicle exchange / tra / rental / tulsa,14150,3300,Tue Dec 16 2014 13:00:00 GMT-0800 (PST)
a558c87e-582c-4928-a8fd-f9c32ac4268f,2015,Hyundai,Elantra,SE,Sedan,automatic,ca,35,3367,silver,gray,ag leaseplan,13900,13200,Wed Dec 17 2014 12:30:00 GMT-0800 (PST)
2994b57c-f5a6-40e6-9d3b-1a882777c7c4,2015,Nissan,Altima,2.5 S,Sedan,automatic,ca,1,12752,gray,black,enterprise vehicle exchange / tra / rental / tulsa,14600,9500,Tue Dec 30 2014 13:00:00 GMT-0800 (PST)
c8f544ff-71b4-4ed2-99a8-cd170f33ac7c,2014,Chevrolet,Camaro,LS,Coupe,manual,ca,44,7924,white,black,tdaf remarketing,17850,18500,Tue Dec 16 2014 12:30:00 GMT-0800 (PST)
254cd573-84ff-4579-bd3e-5f5395de550b,2014,BMW,6 Series,650i,Convertible,automatic,ca,38,19499,silver,—,the hertz corporation,63000,62000,Thu Feb 12 2015 04:30:00 GMT-0800 (PST)
2ad9a147-e62f-4805-bd0c-1ac4ce52f5d9,2015,Hyundai,Elantra,SE,Sedan,automatic,ca,1,6759,blue,gray,enterprise vehicle exchange / tra / rental / tulsa,13800,5800,Wed Dec 17 2014 15:05:00 GMT-0800 (PST)
9915b22b-6e3a-4067-88f3-9460f4c2166e,2014,BMW,5 Series,535d,Sedan,automatic,ca,48,12292,white,black,financial services remarketing (lease),46300,46500,Thu Jan 15 2015 04:30:00 GMT-0800 (PST)
23c83f3e-746b-4ef5-b9ad-2703079f8abf,2014,BMW,6 Series,650i,Convertible,automatic,ca,37,15727,white,black,the hertz corporation,66000,65000,Thu Dec 18 2014 12:30:00 GMT-0800 (PST)
a5b48792-943a-4635-9dc6-8f2d814d2c4f,2015,Kia,Sorento,LX,SUV,automatic,ca,49,13711,white,black,kia motors america  inc,20600,21750,Tue Dec 16 2014 12:30:00 GMT-0800 (PST)
1c0e3b17-0959-474a-8a10-ac3009443114,2014,Cadillac,SRX,Luxury,SUV,automatic,ca,44,8683,white,black,lease plan usa,33500,30000,Tue Dec 23 2014 12:00:00 GMT-0800 (PST)
1b6c189b-dab5-464d-94de-c28615aee71f,2014,BMW,X5,xDrive35i,SUV,automatic,ca,5,4503,white,black,financial services remarketing (lease),57500,57250,Thu Dec 18 2014 12:30:00 GMT-0800 (PST)
f1c0ef43-2a4e-4635-9007-8481102b18d6,2014,Chevrolet,Silverado 1500,LT,Crew Cab,automatic,ca,4,9685,white,black,ars/acme auto leasing,31700,30000,Thu Dec 18 2014 12:00:00 GMT-0800 (PST)
bc6c8c2f-587c-4823-9686-782403f9b7f9,2015,Hyundai,Elantra,SE,Sedan,automatic,ca,2,7800,silver,gray,enterprise vehicle exchange / tra / rental / tulsa,13800,9000,Tue Dec 16 2014 12:00:00 GMT-0800 (PST)
db0c8c0e-93ac-48f3-873d-f279b74e5a95,2015,Kia,Sorento,LX,SUV,automatic,ca,5,10615,burgundy,black,kia motors america  inc,20700,20500,Tue Dec 16 2014 12:30:00 GMT-0800 (PST)
b78105d0-0231-42fa-ab40-4ac24a3a53c0,2014,Chevrolet,Cruze,1LT,Sedan,,ca,28,40393,gray,black,avis corporation,11450,11700,Tue Dec 30 2014 15:00:00 GMT-0800 (PST)
fa586a1c-adc5-4c08-bdcd-c500d2b3e526,2015,Kia,Sorento,LX,SUV,automatic,ca,48,13031,purple,black,kia motors america  inc,20600,20750,Tue Dec 16 2014 12:30:00 GMT-0800 (PST)
30e08dcd-17a4-4449-8eaa-822c4248f1c9,2014,Acura,ILX,Base,Sedan,automatic,ca,41,12905,silver,gray,american honda motor company,19950,20400,Thu Dec 18 2014 12:00:00 GMT-0800 (PST)
a4973381-cde7-49da-8e27-ac5f74ed8356,2015,Kia,Sorento,LX,SUV,automatic,ca,5,16348,gray,gray,kia motors america  inc,20500,20500,Tue Dec 16 2014 12:30:00 GMT-0800 (PST)
bab75a94-ceb1-4b9b-943e-8c6083b032a8,2014,Chevrolet,Cruze,2LT,Sedan,automatic,ca,42,40560,gray,brown,avis corporation,12800,12800,Thu Feb 12 2015 03:30:00 GMT-0800 (PST)
13cd7546-1bf1-47a3-826b-9a69754021b0,2015,Kia,Sorento,LX,SUV,automatic,ca,48,16611,gray,black,kia motors america  inc,20500,20750,Tue Dec 16 2014 12:30:00 GMT-0800 (PST)
b9d6b549-7150-41ee-a5fc-3509aca5e6c8,2014,Chevrolet,Camaro,LT,Coupe,automatic,ca,,11204,black,black,enterprise vehicle exchange / tra / rental / tulsa,21900,10250,Tue Dec 16 2014 13:00:00 GMT-0800 (PST)
ff521d2b-b98c-4ae1-9008-2c8d6e47017f,2015,Volvo,V60,T5,Wagon,automatic,ca,41,12273,white,beige,volvo na rep/world omni,31200,30000,Thu Dec 18 2014 12:30:00 GMT-0800 (PST)
8d858ef4-ea82-411a-9f6e-4d8f1922a428,2015,Hyundai,Elantra,SE,Sedan,automatic,ca,,5335,white,gray,enterprise vehicle exchange / tra / rental / tulsa,13850,6600,Tue Dec 16 2014 13:00:00 GMT-0800 (PST)
2fd5cda2-17e4-45db-82cd-21f3c36b0b3d,2013,Infiniti,G Coupe,G37 Sport,G Coupe,automatic,ca,45,14716,white,black,nissan infiniti lt,25900,25000,Thu Dec 18 2014 12:30:00 GMT-0800 (PST)
259b6acc-1977-4161-9f44-3fb06cba1b7a,2013,Infiniti,G Sedan,G37 Journey,G Sedan,automatic,ca,46,68,black,black,nissan infiniti lt,25700,27250,Thu Dec 18 2014 12:30:00 GMT-0800 (PST)
edf346d8-e420-4cac-b8e7-d0040b723e3d,2013,Infiniti,G Sedan,G37 Journey,G Sedan,automatic,ca,45,24112,white,black,nissan infiniti lt,22800,22500,Thu Dec 18 2014 12:30:00 GMT-0800 (PST)
5e718ed3-7af0-4031-90c2-89043340f6d7,2013,Hyundai,Genesis,5.0 R-Spec,Sedan,automatic,ca,47,21463,gray,black,hyundai motor america/co car,27100,27400,Tue Dec 16 2014 12:00:00 GMT-0800 (PST)
548e66db-7402-41aa-a9f5-a3b9b3989157,2013,Infiniti,G Coupe,G37 Sport,G Coupe,automatic,ca,45,21126,black,beige,nissan infiniti lt,25100,26500,Thu Dec 18 2014 12:30:00 GMT-0800 (PST)
9dc76646-f3dd-4abb-85c6-1a785f71d382,2013,Hyundai,Santa Fe,Limited,SUV,automatic,ca,5,11439,white,brown,hyundai motor america/co car,28500,30800,Tue Dec 16 2014 12:00:00 GMT-0800 (PST)
d92564aa-89c7-47a0-b83a-87d5254e8c2f,2013,Infiniti,G Sedan,G37 Journey,G Sedan,automatic,ca,42,26675,blue,black,nissan infiniti lt,22500,23750,Thu Dec 18 2014 12:30:00 GMT-0800 (PST)
2e1f8f0f-ab14-4825-8e54-cd6bd8dcd79d,2013,Infiniti,G Coupe,G37 Sport,G Coupe,automatic,ca,47,4859,black,black,nissan infiniti lt,27200,26750,Thu Dec 18 2014 12:30:00 GMT-0800 (PST)
1b1f77e2-d4c6-4272-97fd-dbb51e345206,2013,Hyundai,Equus,Signature,Sedan,automatic,ca,41,22961,gray,black,hyundai buybacks,31500,25000,Tue Jan 13 2015 12:00:00 GMT-0800 (PST)
63820be9-ab77-40cb-b8f1-80abf33366fe,2013,Hyundai,Elantra,GLS,Sedan,automatic,ca,26,56651,red,beige,hyundai motor finance,10250,10700,Tue Dec 16 2014 12:00:00 GMT-0800 (PST)
f6fda5fc-dbc8-437f-9fb2-6c034a5b8ddd,2013,Infiniti,G Sedan,G37 Journey,G Sedan,automatic,ca,42,19978,white,black,nissan infiniti lt,23300,24500,Thu Dec 18 2014 12:30:00 GMT-0800 (PST)
d6783616-2e8e-4850-943e-82ac17e53102,2013,Infiniti,FX,FX37,SUV,automatic,ca,43,10532,black,black,nissan infiniti lt,30800,32000,Thu Dec 18 2014 12:30:00 GMT-0800 (PST)
9a6a27ce-8660-44d9-9cd1-521afabc3480,2013,Infiniti,G Sedan,G37 Journey,G Sedan,automatic,ca,41,25859,blue,black,infiniti financial services,22700,21750,Wed Dec 17 2014 12:30:00 GMT-0800 (PST)
2953a74c-f6d7-45ff-9c53-ade5fcd9c02d,2013,Hyundai,Santa Fe,Limited,SUV,automatic,ca,5,14974,white,gray,hyundai buybacks,28300,27000,Tue Dec 16 2014 12:00:00 GMT-0800 (PST)
17c76bd6-f140-4568-9b4e-32b59dea855a,2013,Hyundai,Santa Fe,Sport,SUV,automatic,ca,48,20663,gray,gray,hyundai motor america/co car,19500,19200,Tue Dec 16 2014 12:00:00 GMT-0800 (PST)
0fa8122d-f9c5-443e-be61-6a778955664b,2013,Hyundai,Elantra,GLS,Sedan,automatic,ca,44,39935,silver,gray,enterprise vehicle exchange/orange,11250,11000,Wed Dec 17 2014 12:30:00 GMT-0800 (PST)
1b3ec88f-bad1-4e76-ab9a-559f40215ab9,2013,Hyundai,Elantra,GLS,Sedan,automatic,ca,45,26412,black,beige,aaero sweet company,12050,11750,Wed Dec 17 2014 12:15:00 GMT-0800 (PST)
d6ed2cd6-89b4-4cd8-b08b-2c119c101be4,2013,Infiniti,G Coupe,G37 Sport,G Coupe,automatic,ca,41,20317,gray,black,nissan infiniti lt,25200,26250,Thu Dec 18 2014 12:30:00 GMT-0800 (PST)
d803e015-369e-4100-b7e8-b1d1b268263d,2013,Hyundai,Sonata Hybrid,Limited,Sedan,automatic,ca,21,11099,silver,gray,hyundai motor america/co car,19650,16500,Tue Jan 27 2015 04:30:00 GMT-0800 (PST)
c5c0b142-7709-4bd7-b87f-fefe100516c9,2013,Hyundai,Elantra,GLS,Sedan,automatic,ca,2,37436,silver,gray,enterprise vehicle exchange / tra / rental / tulsa,11400,8800,Tue Dec 16 2014 12:00:00 GMT-0800 (PST)
6eb052da-d7f8-47f6-be35-d9ad802b61be,2013,Infiniti,G Sedan,G37 Journey,G Sedan,automatic,ca,45,11250,black,black,nissan infiniti lt,24300,23500,Thu Dec 18 2014 12:30:00 GMT-0800 (PST)
aafb629e-741e-4f87-b8e3-0c74abdd23f6,2013,Infiniti,G Sedan,G37 Journey,G Sedan,automatic,ca,35,26888,white,gray,nissan infiniti lt,22400,23250,Thu Dec 18 2014 12:30:00 GMT-0800 (PST)
1f93fe5e-b264-4cd1-b0a1-afd50c24aec4,2013,Infiniti,G Sedan,G37 Journey,G Sedan,automatic,ca,37,21144,—,black,nissan infiniti lt,23100,24250,Thu Dec 18 2014 12:30:00 GMT-0800 (PST)
4a82c28e-2255-42dc-b611-6ac4fe6ae980,2013,Infiniti,G Sedan,G37 Journey,G Sedan,automatic,ca,43,16154,gray,black,nissan infiniti lt,23700,22750,Thu Dec 18 2014 12:30:00 GMT-0800 (PST)
014bb6fb-5a78-4403-8d25-bbd842715666,2013,Infiniti,G Sedan,G37 Journey,G Sedan,automatic,ca,42,22405,gray,gray,nissan infiniti lt,23000,23000,Thu Dec 18 2014 12:30:00 GMT-0800 (PST)
7eaa1b87-8746-4e40-a31a-83be6d454d19,2013,Hyundai,Santa Fe,Limited,SUV,automatic,ca,42,13225,black,brown,hyundai motor america/co car,23400,26000,Tue Dec 16 2014 12:00:00 GMT-0800 (PST)
d2ebf06f-4d8a-4849-99c5-d2c45000cde0,2013,Infiniti,G Coupe,G37 Sport,G Coupe,automatic,ca,43,17523,—,black,nissan infiniti lt,25600,26500,Thu Dec 18 2014 12:30:00 GMT-0800 (PST)
54e342f8-d7db-45d9-b43b-f7a921a4645b,2013,Infiniti,G Sedan,G37 Journey,G Sedan,automatic,ca,4,11440,black,black,nissan infiniti lt,24300,23000,Thu Dec 18 2014 12:30:00 GMT-0800 (PST)
e3f51c41-fb43-4ef3-9af2-9127938a7fe2,2013,Infiniti,G Coupe,G37 Sport,G Coupe,automatic,ca,48,7815,white,black,nissan infiniti lt,26800,27000,Thu Dec 18 2014 12:30:00 GMT-0800 (PST)
b583bf85-ad25-4207-bb13-1756375399c5,2013,Hyundai,Sonata Hybrid,Limited,Sedan,automatic,ca,48,16386,white,gray,hyundai motor america/co car,18000,18800,Tue Dec 16 2014 12:00:00 GMT-0800 (PST)
697ff962-5aac-4920-a705-bc4d870918c7,2013,Hyundai,Sonata,GLS,Sedan,automatic,ca,43,54830,silver,gray,avis rac/san leandro,10950,11500,Wed Dec 17 2014 12:30:00 GMT-0800 (PST)
a2926bda-c78c-4760-b3b8-fccfa9083742,2013,Hyundai,Elantra,GLS,Sedan,manual,ca,49,2606,white,beige,hyundai motor america/co car,13450,12300,Tue Dec 16 2014 12:00:00 GMT-0800 (PST)
e42d78c5-2a9d-4167-a8d8-41dde4c4a223,2013,Hyundai,Sonata,GLS,Sedan,automatic,ca,35,41888,gray,gray,avis corporation,11800,11900,Thu Dec 18 2014 11:30:00 GMT-0800 (PST)
5e6b52da-db5b-4039-a600-ce454941e2b5,2013,Infiniti,G Sedan,G37 Journey,G Sedan,automatic,ca,25,10929,white,gray,nissan infiniti lt,24700,21000,Tue Dec 16 2014 12:30:00 GMT-0800 (PST)
d5b96cae-19d3-4032-bbf9-22752a13734f,2013,Hyundai,Sonata,Limited,Sedan,automatic,ca,37,35428,black,beige,hyundai motor finance,16000,16200,Tue Jan 13 2015 04:30:00 GMT-0800 (PST)
8d85f011-26c0-45ef-9cfc-6378c230e236,2013,Infiniti,G Sedan,G37 Journey,G Sedan,automatic,ca,44,29672,white,black,nissan infiniti lt,22100,23000,Thu Dec 18 2014 12:30:00 GMT-0800 (PST)
c726f049-e4f4-456e-a4b2-27d9227b4df6,2013,Infiniti,G Sedan,G37 Journey,G Sedan,automatic,ca,47,18600,white,black,nissan infiniti lt,23400,24750,Thu Dec 18 2014 12:30:00 GMT-0800 (PST)
fae5d8cd-b95f-4a41-a48e-cf821ee7540f,2013,Infiniti,G Sedan,G37 Journey,G Sedan,automatic,ca,37,22165,black,beige,nissan infiniti lt,23000,22750,Thu Dec 18 2014 12:30:00 GMT-0800 (PST)
d2d84916-d0ab-40e5-8f3b-3c8d15f4a466,2013,Infiniti,G Sedan,G37 Journey,G Sedan,automatic,ca,43,24031,blue,black,nissan infiniti lt,22800,20500,Thu Dec 18 2014 12:30:00 GMT-0800 (PST)
5c0fdc95-007e-4111-b424-2e9699baf722,2013,Infiniti,G Sedan,G37 Journey,G Sedan,automatic,ca,45,21263,black,beige,nissan infiniti lt,23100,22000,Thu Dec 18 2014 12:30:00 GMT-0800 (PST)
49414761-a7a7-4bbe-92fe-5a0c1e38975e,2013,Infiniti,G Sedan,G37 Journey,G Sedan,automatic,ca,37,29907,gray,black,nissan infiniti lt,21400,21000,Thu Jan 15 2015 04:30:00 GMT-0800 (PST)
2d517179-15d7-43b0-aa09-b5e927c4e354,2013,Hyundai,Tucson,GLS,SUV,automatic,ca,42,19109,red,black,hyundai motor america/co car,16450,17500,Tue Dec 16 2014 12:00:00 GMT-0800 (PST)
4e3606d8-932c-41f2-9dde-059a7bad351f,2013,Infiniti,G Sedan,G37 Journey,G Sedan,automatic,ca,43,26396,gray,black,nissan infiniti lt,22500,23750,Thu Dec 18 2014 12:30:00 GMT-0800 (PST)
a29b6984-6566-4e24-afc5-6c7567bf0739,2013,Infiniti,G Sedan,G37 Journey,G Sedan,automatic,ca,21,23507,gray,black,nissan infiniti lt,23000,21000,Wed Dec 17 2014 12:30:00 GMT-0800 (PST)
d5fd4df0-f8dd-4c0b-ba75-d0c7d75bf18f,2013,Hyundai,Sonata,GLS,Sedan,automatic,ca,38,34745,white,tan,avis corporation,12250,12700,Tue Dec 16 2014 12:30:00 GMT-0800 (PST)
0d42cf06-20bc-43c5-94c2-a3aeeae879fc,2013,Hyundai,Elantra,Limited,Sedan,automatic,ca,48,10564,black,gray,hyundai motor america/co car,15350,16500,Tue Dec 16 2014 12:00:00 GMT-0800 (PST)
2ab26549-9eb0-4ca9-b8b0-e0952a94e1e7,2013,Hyundai,Azera,Base,Sedan,automatic,ca,47,16132,black,black,hyundai motor america/co car,21200,21400,Tue Dec 16 2014 12:00:00 GMT-0800 (PST)
b3e4aef7-a6fa-4b4e-9a5d-31de10c3afd0,2013,Infiniti,G Sedan,G37 Journey,G Sedan,automatic,ca,41,19587,blue,gray,nissan infiniti lt,23300,23500,Thu Dec 18 2014 12:30:00 GMT-0800 (PST)
ea7552a1-2e37-46d0-a487-4ad9afe4ed70,2013,Infiniti,G Sedan,G37 Journey,G Sedan,automatic,ca,46,20246,gray,black,nissan infiniti lt,23200,24750,Thu Dec 18 2014 12:30:00 GMT-0800 (PST)
82322c7a-404a-40d6-8729-c2ef40fd5362,2013,Infiniti,G Sedan,G37 Journey,G Sedan,automatic,ca,41,19957,—,beige,nissan infiniti lt,23300,21750,Thu Dec 18 2014 12:30:00 GMT-0800 (PST)
769c0f66-22f3-4a05-ab29-b7f3e921968d,2013,Infiniti,G Sedan,G37 Journey,G Sedan,automatic,ca,37,17337,white,black,nissan infiniti lt,23600,20250,Tue Dec 23 2014 12:30:00 GMT-0800 (PST)
6b4c58a9-25d1-4635-91e9-fb0859d4399b,2013,Infiniti,G Sedan,G37 Journey,G Sedan,automatic,ca,47,16854,gray,gray,nissan infiniti lt,23600,25750,Thu Dec 18 2014 12:30:00 GMT-0800 (PST)
e7db83bb-522d-462c-82bc-f06be520b964,2013,Hyundai,Sonata,GLS,Sedan,automatic,ca,1,48510,white,tan,hertz/tra,11350,6500,Tue Dec 16 2014 13:00:00 GMT-0800 (PST)
52b7bba6-27f4-4b9d-98f5-a82e7397a909,2013,Infiniti,G Sedan,G37 Journey,G Sedan,automatic,ca,44,19551,white,black,nissan infiniti lt,23300,25000,Wed Dec 17 2014 12:30:00 GMT-0800 (PST)
61f2293b-f8af-414a-9c82-adae3a948a9c,2013,Infiniti,G Sedan,G37 Journey,G Sedan,automatic,ca,36,23104,blue,black,nissan infiniti lt,22900,22750,Thu Dec 18 2014 12:30:00 GMT-0800 (PST)
5eef99df-2c13-4b18-b2ff-916d47e58dbf,2013,Infiniti,G Sedan,G37 Journey,G Sedan,automatic,ca,45,24971,gray,black,nissan infiniti lt,22900,21250,Wed Dec 17 2014 12:30:00 GMT-0800 (PST)
3e8359de-a44e-4653-9847-a72f92ffcedb,2013,Infiniti,G Sedan,G37 Journey,G Sedan,automatic,ca,44,14486,brown,black,nissan infiniti lt,23900,22000,Thu Dec 18 2014 12:30:00 GMT-0800 (PST)
144cb972-88ee-40c9-bb02-47b82f818ceb,2013,Infiniti,G Sedan,G37 Journey,G Sedan,automatic,ca,45,28053,black,black,nissan infiniti lt,22300,25000,Thu Dec 18 2014 12:30:00 GMT-0800 (PST)
473b9bbd-500b-453d-82fe-042ec3accb9d,2013,Hyundai,Sonata,GLS,Sedan,automatic,ca,37,36194,silver,gray,avis rac/san leandro,12150,13200,Wed Dec 17 2014 12:30:00 GMT-0800 (PST)
3c5e2925-b15d-44c9-b618-ead672861029,2013,Infiniti,G Coupe,G37 Sport,G Coupe,automatic,ca,26,12735,black,black,nissan infiniti lt,26300,22500,Tue Dec 16 2014 12:30:00 GMT-0800 (PST)
365065f7-2d77-4b9c-91b5-d80956649813,2013,Infiniti,G Sedan,G37 Journey,G Sedan,automatic,ca,43,14887,gray,black,nissan infiniti lt,23900,24500,Thu Dec 18 2014 12:30:00 GMT-0800 (PST)
077fc00e-35bf-4b33-a6d2-f4f545ee6c0a,2013,Infiniti,G Sedan,G37 Journey,G Sedan,automatic,ca,38,28172,silver,black,nissan infiniti lt,22300,21000,Thu Dec 18 2014 12:30:00 GMT-0800 (PST)
26b2274c-406b-4191-8334-87b6595b7f5e,2013,Hyundai,Accent,GLS,Sedan,automatic,ca,36,41841,gray,beige,dtg operations inc,9425,9400,Tue Dec 16 2014 12:30:00 GMT-0800 (PST)
0f94acb9-2ec0-4eeb-97fe-4f725dfe19dd,2013,Hyundai,Sonata,GLS,Sedan,automatic,ca,36,28231,gray,gray,gm financial,12650,13400,Wed Dec 17 2014 12:30:00 GMT-0800 (PST)
f6ff9a90-8f94-4a8e-a0c7-5ce48bd84723,2013,Hyundai,Sonata Hybrid,Limited,Sedan,automatic,ca,42,17831,white,beige,hyundai motor america/co car,17750,18200,Tue Dec 16 2014 12:00:00 GMT-0800 (PST)
5386a712-7dba-45fd-8e80-846667462ff2,2013,Hyundai,Elantra,GLS,Sedan,automatic,ca,2,25442,gold,beige,enterprise vehicle exchange / tra / rental / tulsa,12150,6700,Tue Dec 16 2014 12:00:00 GMT-0800 (PST)
7e6fd5b7-2e47-4db6-8297-bfdae9dbc440,2013,Hyundai,Elantra,GLS,Sedan,automatic,ca,35,36307,gray,gray,enterprise vehicle exchange/orange,11500,11700,Tue Dec 16 2014 12:30:00 GMT-0800 (PST)
d640d775-bfca-4d5f-b277-2c45f556d20f,2013,Hyundai,Accent,GLS,Sedan,automatic,ca,2,34136,black,beige,enterprise vehicle exchange / tra / rental / tulsa,9700,8100,Tue Dec 23 2014 12:00:00 GMT-0800 (PST)
14219737-9d21-4772-a7d0-40d750c29073,2013,Hyundai,Santa Fe,Sport 2.0T,SUV,automatic,ca,47,17367,black,beige,hyundai motor america/co car,21400,24100,Tue Dec 16 2014 12:00:00 GMT-0800 (PST)
95dd5704-228e-4834-b9d0-7ee65c38f9a7,2013,Hyundai,Sonata,GLS,Sedan,automatic,ca,39,36416,blue,gray,enterprise vehicle exchange/orange,12150,11400,Wed Dec 17 2014 12:30:00 GMT-0800 (PST)
110a901f-09c7-4a30-af8a-377778c506b9,2013,Infiniti,G Sedan,G37 Journey,G Sedan,automatic,ca,43,11847,white,beige,nissan infiniti lt,24200,25000,Thu Dec 18 2014 12:30:00 GMT-0800 (PST)
bd2ab81a-a809-4e0a-98e6-dc95556296a2,2013,Infiniti,G Sedan,G37 Journey,G Sedan,automatic,ca,41,15562,gray,black,nissan infiniti lt,23800,24500,Thu Dec 18 2014 12:30:00 GMT-0800 (PST)
c4edb913-4e10-4cc1-bb8f-8f4abe4ea5f0,2013,Hyundai,Sonata,Limited,Sedan,automatic,ca,43,18479,white,burgundy,hyundai motor america/co car,16900,18100,Tue Dec 16 2014 12:00:00 GMT-0800 (PST)
fceb89c5-f041-4b60-92ef-c1b36f62bf1d,2013,Infiniti,G Sedan,G37 Journey,G Sedan,automatic,ca,26,14264,white,tan,nissan infiniti lt,23900,20750,Tue Dec 23 2014 12:30:00 GMT-0800 (PST)
c0f7f44d-6545-4a6b-9bf1-f664f582883c,2013,Hyundai,Sonata Hybrid,Limited,Sedan,automatic,ca,47,8595,silver,gray,hyundai motor america/co car,19100,18500,Tue Dec 16 2014 12:00:00 GMT-0800 (PST)
24c141e3-52f6-4253-979f-caeb16030063,2013,Hyundai,Accent,GS,Hatchback,automatic,ca,46,9927,black,black,hyundai motor america/co car,10800,11300,Tue Dec 16 2014 12:00:00 GMT-0800 (PST)
aea71f92-cc7a-4182-9447-c29994358990,2013,Hyundai,Elantra,GLS,Sedan,automatic,ca,35,37759,beige,beige,avis corporation,11400,11800,Tue Dec 16 2014 12:30:00 GMT-0800 (PST)
b4829f39-6850-4d2b-84fd-744aa8115c82,2013,Infiniti,G Sedan,G37 Journey,G Sedan,automatic,ca,43,17232,white,—,nissan infiniti lt,23600,24500,Thu Dec 18 2014 12:30:00 GMT-0800 (PST)
0ec063b5-de36-43a1-98c6-df97cbdf618c,2013,Infiniti,FX,FX37,SUV,automatic,ca,41,40087,gray,black,infiniti financial services,27700,27250,Tue Dec 23 2014 12:30:00 GMT-0800 (PST)
07c25812-6d9f-49e2-a846-b7be1843ea09,2013,Hyundai,Elantra,GLS,Sedan,automatic,ca,1,25960,gray,gray,enterprise vehicle exchange / tra / rental / tulsa,12100,8800,Tue Dec 16 2014 12:00:00 GMT-0800 (PST)
a924cb1b-0555-4313-9fd2-2f11ee64e2fb,2013,Infiniti,G Sedan,G37 Journey,G Sedan,automatic,ca,35,25132,white,black,nissan infiniti lt,22600,23500,Thu Dec 18 2014 12:30:00 GMT-0800 (PST)
b0b80579-9cf8-4d63-9a61-91059ad2a1f6,2013,Hyundai,Sonata Hybrid,Base,Sedan,automatic,ca,44,16684,white,tan,hyundai motor america/co car,14900,14800,Tue Dec 16 2014 12:00:00 GMT-0800 (PST)
f806f464-2301-4dcb-af16-c57613ca9d55,2013,Infiniti,G Sedan,G37 Journey,G Sedan,automatic,ca,27,26792,gray,gray,nissan infiniti lt,22600,18000,Tue Dec 16 2014 12:30:00 GMT-0800 (PST)
971ab410-5551-410c-927c-2587b0e3202f,2013,Hyundai,Azera,Base,Sedan,automatic,ca,45,34566,silver,black,hyundai motor america/co car,20000,20300,Tue Dec 16 2014 12:00:00 GMT-0800 (PST)
8a3954d9-ace0-4623-aa02-7c8854da01ec,2013,Hyundai,Azera,Base,Sedan,automatic,ca,43,19152,silver,beige,hyundai motor america/co car,21000,22200,Tue Dec 16 2014 12:00:00 GMT-0800 (PST)
d5ee732a-e80f-44c4-9e57-b1e504815667,2013,Hyundai,Santa Fe,Sport 2.0T,SUV,automatic,ca,5,10747,black,black,hyundai motor america/co car,19850,25800,Tue Dec 16 2014 12:00:00 GMT-0800 (PST)
4d9122bc-163e-478a-8e4e-10b346d14adc,2013,Hyundai,Elantra,GLS,Sedan,automatic,ca,1,42798,gray,gray,fox rent a car tra,11100,7600,Tue Dec 16 2014 12:00:00 GMT-0800 (PST)
58237e71-69bb-4d99-9229-0f04fd1b1fa6,2013,Hyundai,Elantra,GLS,Sedan,automatic,ca,1,36957,red,beige,enterprise vehicle exchange / tra / rental / tulsa,11400,9400,Wed Dec 17 2014 15:05:00 GMT-0800 (PST)
49089cd0-aee6-4cd5-b353-2e6a0812f2ea,2013,Infiniti,G Coupe,G37 Sport,G Coupe,automatic,ca,44,19492,white,black,nissan infiniti lt,25300,26250,Thu Dec 18 2014 12:30:00 GMT-0800 (PST)
a648fa84-4f66-4b02-98bc-24f4516643d6,2013,Hyundai,Sonata,GLS,Sedan,automatic,ca,34,50160,blue,gray,avis rac/san leandro,11500,11900,Wed Dec 31 2014 12:30:00 GMT-0800 (PST)
65af48c4-28a1-4c23-9107-ae6cf6d303b0,2013,Infiniti,G Coupe,G37 Sport,G Coupe,automatic,ca,42,16338,gray,black,nissan infiniti lt,25700,25500,Thu Dec 18 2014 12:30:00 GMT-0800 (PST)
3def2832-c2dd-4ecc-ac6b-2b6110d199ac,2013,Infiniti,G Sedan,G37 Journey,G Sedan,automatic,ca,45,19368,white,black,nissan infiniti lt,23300,23000,Thu Dec 18 2014 12:30:00 GMT-0800 (PST)
e83478ab-df2d-4447-9e65-866c6c61e230,2013,Infiniti,G Sedan,G37 Journey,G Sedan,automatic,ca,4,28668,gray,—,nissan infiniti lt,22400,23000,Tue Dec 23 2014 12:30:00 GMT-0800 (PST)
e79a4d06-5dcc-4165-81cf-fa0f789ae54d,2013,Infiniti,G Sedan,G37 Journey,G Sedan,automatic,ca,19,18420,gray,beige,nissan infiniti lt,23700,18250,Tue Dec 16 2014 12:30:00 GMT-0800 (PST)
dbed3859-64d7-47b1-bbd0-a08a4f23851b,2013,Hyundai,Elantra,GLS,Sedan,automatic,ca,2,35824,gray,gray,enterprise vehicle exchange / tra / rental / tulsa,11500,8700,Thu Dec 18 2014 12:00:00 GMT-0800 (PST)
38027785-bbb2-4f0a-aa52-1268ac965dab,2013,Infiniti,G Coupe,G37 Sport,G Coupe,automatic,ca,41,17090,black,black,nissan infiniti lt,25600,21500,Thu Dec 18 2014 12:30:00 GMT-0800 (PST)
2e619426-debe-48f2-b3f3-75b1c31e8abf,2013,Infiniti,G Sedan,G37 Journey,G Sedan,automatic,ca,22,24054,gray,black,nissan infiniti lt,22900,18750,Tue Dec 23 2014 12:30:00 GMT-0800 (PST)
19302e38-ffa1-43f9-a741-0442c0a118a0,2013,Infiniti,G Coupe,G37 Sport,G Coupe,automatic,ca,44,13321,white,gray,nissan infiniti lt,26100,26000,Thu Dec 18 2014 12:30:00 GMT-0800 (PST)
9f7068c8-5e97-4f9e-bd6a-50a4d73d6907,2013,Hyundai,Azera,Base,Sedan,automatic,ca,36,6552,black,black,hyundai motor america/co car,21800,21400,Tue Dec 16 2014 12:00:00 GMT-0800 (PST)
8f9003ea-449f-4524-90d4-c85c0f056a42,2013,Hyundai,Sonata Hybrid,Limited,Sedan,automatic,ca,43,22143,red,beige,hyundai motor america/co car,17150,17100,Tue Dec 16 2014 12:00:00 GMT-0800 (PST)
0cefdab6-0801-474e-a647-69774f427314,2013,Infiniti,G Sedan,G37 Journey,G Sedan,automatic,ca,45,23420,gray,black,nissan infiniti lt,22800,22250,Thu Dec 18 2014 12:30:00 GMT-0800 (PST)
8d7472f9-da94-4c1a-ae1e-6ade1c774955,2013,Infiniti,G Sedan,G37 Journey,G Sedan,automatic,ca,44,22021,black,black,nissan infiniti lt,23000,22000,Thu Dec 18 2014 12:30:00 GMT-0800 (PST)
6b83bfc5-eef7-4e78-ad6d-812f0c52fa83,2013,Hyundai,Sonata Hybrid,Limited,Sedan,automatic,ca,46,13736,black,beige,hyundai motor america/co car,18350,17700,Tue Dec 16 2014 12:00:00 GMT-0800 (PST)
df3960b1-9e19-4692-8e18-72e94fc527f0,2013,Infiniti,G Sedan,G37 Journey,G Sedan,automatic,ca,44,15208,white,black,nissan infiniti lt,23800,25250,Thu Dec 18 2014 12:30:00 GMT-0800 (PST)
43f3a991-3f93-4e7c-a0b2-6b0729b16297,2013,Hyundai,Sonata,GLS,Sedan,automatic,ca,37,37154,black,gray,hyundai motor finance,12400,12100,Tue Jan 27 2015 04:30:00 GMT-0800 (PST)
465959eb-6214-4719-86c2-0f21be8fe3e6,2013,Hyundai,Sonata,Limited,Sedan,automatic,ca,39,45991,gray,gray,hyundai motor america/co car,15750,17200,Tue Feb 17 2015 04:00:00 GMT-0800 (PST)
d4197202-7c27-400b-ba24-3c0d9b202ed5,2013,Hyundai,Santa Fe,Sport 2.0T,SUV,automatic,ca,45,14076,gray,black,hyundai motor america/co car,19800,25500,Tue Dec 16 2014 12:00:00 GMT-0800 (PST)
ca99fbfb-95c7-4544-ac91-f2237f65ecb0,2013,Hyundai,Elantra,GLS,Sedan,automatic,ca,38,38594,gray,gray,avis corporation,11350,11800,Tue Dec 16 2014 12:30:00 GMT-0800 (PST)
134fd3db-bedf-497f-81a8-443f8b901063,2013,Hyundai,Elantra,GLS,Sedan,automatic,ca,24,35963,black,gray,hyundai motor finance,11500,11500,Tue Dec 16 2014 12:00:00 GMT-0800 (PST)
39bd7207-f01b-4837-a445-ce7dd263ac6b,2013,Infiniti,G Sedan,G37 Journey,G Sedan,automatic,ca,44,28920,blue,gray,nissan infiniti lt,22200,23250,Thu Dec 18 2014 12:30:00 GMT-0800 (PST)
c8e525d6-1cf9-47b1-bf28-c8bb018cfec2,2013,Hyundai,Elantra,GLS,Sedan,automatic,ca,44,19035,gray,gray,hyundai motor america/co car,12500,12600,Tue Dec 16 2014 12:00:00 GMT-0800 (PST)
9ba5b73d-3552-4a2c-83e6-3a9088c6fdda,2013,Infiniti,G Coupe,G37 Sport,G Coupe,automatic,ca,42,22354,gray,black,nissan infiniti lt,24900,25000,Thu Dec 18 2014 12:30:00 GMT-0800 (PST)
3b207f42-5750-4463-8ca8-197c72e02db7,2013,Hyundai,Genesis,3.8,Sedan,automatic,ca,46,20952,silver,black,hyundai motor america/co car,18650,22200,Tue Dec 16 2014 12:00:00 GMT-0800 (PST)
6f0ad172-367c-46f4-a059-86d117fa94ee,2013,Hyundai,Santa Fe,Sport 2.0T,SUV,automatic,ca,46,15758,gray,black,hyundai motor america/co car,21600,21400,Tue Dec 16 2014 12:00:00 GMT-0800 (PST)
954fa2c3-1b0e-48c8-b370-77a72f998152,2013,Infiniti,G Coupe,G37 Sport,G Coupe,automatic,ca,44,16605,black,black,nissan infiniti lt,25700,25500,Thu Dec 18 2014 12:30:00 GMT-0800 (PST)
39707e25-51cb-4209-b5db-ec470c14d7b7,2013,Hyundai,Accent,GLS,Sedan,automatic,ca,2,33078,white,beige,enterprise vehicle exchange / tra / rental / tulsa,9675,7800,Tue Dec 16 2014 12:00:00 GMT-0800 (PST)
47c1a9a3-b7e3-498a-b639-20fa968738fb,2013,Hyundai,Elantra Coupe,GS,Elantra Coupe,automatic,ca,1,999999,blue,gray,hyundai motor finance,8025,2500,Tue Jan 27 2015 04:00:00 GMT-0800 (PST)
5fab4c22-3935-4a0f-a8b1-b03cb9d501ec,2013,Infiniti,G Sedan,G37 Journey,G Sedan,automatic,ca,32,28875,gray,black,nissan infiniti lt,22200,21000,Thu Dec 18 2014 12:30:00 GMT-0800 (PST)
3decd2e2-3b52-461d-870a-ed06668cdbf9,2013,Infiniti,G Sedan,G37 Journey,G Sedan,automatic,ca,44,17916,blue,black,nissan infiniti lt,23800,24750,Wed Dec 17 2014 12:30:00 GMT-0800 (PST)
bc3f1754-c783-47c1-9005-4fa29daa1006,2013,Hyundai,Accent,SE,Hatchback,automatic,ca,49,6747,gray,black,hyundai motor america/co car,11300,11900,Tue Dec 16 2014 12:00:00 GMT-0800 (PST)
79c00df1-0d0e-4e99-be5b-b2715dcf2f25,2013,Hyundai,Elantra,GLS,Sedan,automatic,ca,46,42006,gray,beige,enterprise veh exchange/rental,11150,11300,Thu Dec 18 2014 11:30:00 GMT-0800 (PST)
52095fd4-1f99-4756-b876-04195a1e7fa5,2013,Hyundai,Elantra,GLS,Sedan,automatic,ca,44,38170,gray,beige,enterprise vehicle exchange/orange,11350,11600,Tue Dec 16 2014 12:30:00 GMT-0800 (PST)
7610cb76-36d1-463e-915d-6b67cb9f7edf,2013,Hyundai,Equus,Ultimate,Sedan,automatic,ca,41,7755,black,black,hyundai motor america/co car,35500,36000,Tue Dec 30 2014 12:30:00 GMT-0800 (PST)
95018b31-a84f-452c-9545-8860ee25b9e6,2013,Infiniti,G Sedan,G37 Journey,G Sedan,automatic,ca,44,23156,white,black,nissan infiniti lt,23100,23000,Wed Dec 17 2014 12:30:00 GMT-0800 (PST)
ebedbdfe-d755-4813-98e7-f2d3e117fc32,2013,Hyundai,Elantra,GLS,Sedan,automatic,ca,49,41481,silver,gray,avis rac/san leandro,11150,11500,Tue Dec 23 2014 12:30:00 GMT-0800 (PST)
e53024da-04e2-4b90-810b-48b51c230091,2013,Hyundai,Sonata,GLS,Sedan,automatic,ca,28,32387,silver,gray,skyhigh remarketing inc,12400,9750,Wed Dec 17 2014 12:15:00 GMT-0800 (PST)
12a24e96-e542-418e-89b2-182dc0d22662,2013,Infiniti,G Sedan,G37 Journey,G Sedan,automatic,ca,39,22828,black,black,nissan infiniti lt,22900,24500,Thu Dec 18 2014 12:30:00 GMT-0800 (PST)
1c6878ce-1963-4020-a2e1-f145b2141b99,2013,Hyundai,Sonata,GLS,Sedan,automatic,ca,42,40593,white,beige,enterprise veh exchange/rental,11900,12000,Thu Dec 18 2014 11:30:00 GMT-0800 (PST)
d8c11f6a-46c7-4ab7-b0b5-1b663727f08f,2013,Hyundai,Sonata Hybrid,Base,Sedan,,ca,48,1111,silver,gray,hyundai motor america/co car,15550,15800,Tue Dec 16 2014 12:00:00 GMT-0800 (PST)
62060afa-9b8e-456b-9a11-dd3ddb46e690,2013,Infiniti,G Coupe,G37 Sport,G Coupe,automatic,ca,48,13661,gray,black,nissan infiniti lt,26100,26500,Wed Dec 17 2014 12:30:00 GMT-0800 (PST)
95482728-4f14-46d8-b4ee-d7b9ea735a37,2013,Infiniti,G Sedan,G37 Journey,G Sedan,automatic,ca,46,5017,white,beige,nissan infiniti lt,25100,23500,Thu Dec 18 2014 12:30:00 GMT-0800 (PST)
0e82d85c-6724-479f-ac09-9db2259b0098,2013,Infiniti,G Sedan,G37 Journey,G Sedan,automatic,ca,45,21557,white,black,nissan infiniti lt,23100,25250,Thu Dec 18 2014 12:30:00 GMT-0800 (PST)
67c2974c-0742-4fc0-b83d-ff9dfb57ccc6,2013,Infiniti,G Sedan,G37 Journey,G Sedan,automatic,ca,38,20067,gray,black,nissan infiniti lt,23300,24000,Thu Dec 18 2014 12:30:00 GMT-0800 (PST)
4a542d02-65a6-424e-a01d-6fb73e1d4583,2013,Infiniti,G Sedan,G37 Journey,G Sedan,automatic,ca,42,19729,—,black,nissan infiniti lt,23300,24500,Thu Dec 18 2014 12:30:00 GMT-0800 (PST)
d50d9b7c-ad8a-43d2-a4a2-47283a226623,2013,Hyundai,Accent,GLS,Sedan,automatic,ca,,47010,silver,gray,hertz/tra,9275,3500,Tue Dec 16 2014 13:00:00 GMT-0800 (PST)
913db202-01a9-4658-b330-68d942dd191e,2013,Hyundai,Accent,SE,Hatchback,automatic,ca,46,27387,silver,black,hyundai motor america/co car,9950,11400,Tue Dec 16 2014 12:00:00 GMT-0800 (PST)
d4c7cdf2-0245-49ae-9f57-3122cac85229,2013,Infiniti,G Sedan,G37 Journey,G Sedan,automatic,ca,39,23097,white,black,nissan infiniti lt,22900,21250,Thu Dec 18 2014 12:30:00 GMT-0800 (PST)
2ac78424-f414-4e9e-bf02-094b4ea125b5,2013,Hyundai,Genesis,5.0 R-Spec,Sedan,automatic,ca,39,12154,white,black,hyundai motor america/co car,27900,27500,Tue Dec 16 2014 12:00:00 GMT-0800 (PST)
ffddbbf4-a255-42d7-a52d-c3a7d41bb07e,2013,Infiniti,G Sedan,G37 Journey,G Sedan,automatic,ca,45,9373,black,black,nissan infiniti lt,24900,26250,Wed Dec 17 2014 12:30:00 GMT-0800 (PST)
8c7c08f7-d7ed-4bc0-8c76-9cae82d03275,2013,Hyundai,Equus,Ultimate,Sedan,automatic,ca,43,11566,white,beige,hyundai buybacks,36800,25000,Tue Dec 16 2014 12:00:00 GMT-0800 (PST)
facec01e-f78d-4642-b82b-f149c171ccbc,2013,Infiniti,G Sedan,G37 Journey,G Sedan,automatic,ca,49,15802,silver,black,nissan infiniti lt,23800,25000,Thu Dec 18 2014 12:30:00 GMT-0800 (PST)
bd2ef14b-8758-4c69-947c-866dd3681492,2013,Infiniti,G Sedan,G37 Journey,G Sedan,automatic,ca,47,25635,white,beige,nissan infiniti lt,22600,26500,Thu Dec 18 2014 12:30:00 GMT-0800 (PST)
145f2831-35a4-4832-a3a6-48b27fa70ef0,2013,Hyundai,Sonata,GLS,Sedan,automatic,ca,37,39062,blue,gray,avis corporation,12000,12200,Thu Dec 18 2014 11:30:00 GMT-0800 (PST)
dd4fc1e3-ff38-43e9-bf48-a9b443c1ccb0,2013,Infiniti,G Sedan,G37 Journey,G Sedan,automatic,ca,34,14765,gray,black,nissan infiniti lt,23900,23500,Thu Dec 18 2014 12:30:00 GMT-0800 (PST)
29cc2867-a796-475f-8971-cbdb5e706055,2013,Hyundai,Elantra,GLS,Sedan,automatic,ca,2,29006,gray,gray,enterprise vehicle exchange / tra / rental / tulsa,11900,8700,Tue Dec 16 2014 12:00:00 GMT-0800 (PST)
3da82ac9-b3a3-4efa-b81b-c663f91bc732,2013,Infiniti,G Sedan,G37 Journey,G Sedan,automatic,ca,43,18673,gray,gray,nissan infiniti lt,23400,22000,Thu Dec 18 2014 12:30:00 GMT-0800 (PST)
2cd97ebe-953e-409e-8043-91f5855a8569,2013,Hyundai,Elantra,GLS,Sedan,automatic,ca,48,8559,red,beige,hyundai buybacks,13150,10800,Tue Dec 16 2014 12:00:00 GMT-0800 (PST)
b3b1d67c-f06f-4537-9510-576681d2f1fb,2013,Infiniti,G Sedan,G37 Journey,G Sedan,automatic,ca,38,28127,silver,black,nissan infiniti lt,22300,21500,Thu Dec 18 2014 12:30:00 GMT-0800 (PST)
15426e3c-cd79-4fd8-b1f5-52cf6e7b55ba,2013,Infiniti,G Sedan,G37 Journey,G Sedan,automatic,ca,39,26907,gray,black,nissan infiniti lt,22400,21750,Thu Dec 18 2014 12:30:00 GMT-0800 (PST)
9e4bc84e-f970-46c1-8f97-b00fedf1de69,2013,Infiniti,G Sedan,G37 Journey,G Sedan,automatic,ca,37,20707,white,black,nissan infiniti lt,23200,23500,Tue Dec 23 2014 12:30:00 GMT-0800 (PST)
616639ab-2348-4bb1-8048-e1088b551728,2013,Infiniti,G Sedan,G37 Journey,G Sedan,automatic,ca,45,27333,black,black,nissan infiniti lt,22400,24500,Thu Dec 18 2014 12:30:00 GMT-0800 (PST)
ba60167a-4de5-41e9-9a40-02647606a4af,2013,Hyundai,Veloster,Turbo,Hatchback,automatic,ca,42,8467,black,black,hyundai motor america/co car,15050,16300,Tue Dec 16 2014 12:00:00 GMT-0800 (PST)
eda9ff4f-2ca2-4ab6-b548-5fee715a56dd,2013,Hyundai,Elantra,Limited,Sedan,automatic,ca,45,37290,white,beige,enterprise vehicle exchange/orange,11400,11000,Wed Dec 17 2014 12:30:00 GMT-0800 (PST)
d9bf8396-3163-4854-b0d3-ce0c3252193c,2013,Hyundai,Elantra Coupe,SE,Elantra Coupe,automatic,ca,43,11809,black,black,hyundai motor america/co car,14600,16100,Tue Dec 16 2014 12:00:00 GMT-0800 (PST)
212893bb-4a6e-4193-b20f-a930aeca82b4,2013,Hyundai,Genesis,3.8,Sedan,automatic,ca,3,19893,white,beige,remarketing by ge/film vehicle services,18800,22500,Tue Dec 16 2014 12:00:00 GMT-0800 (PST)
806424aa-3cdc-4ae7-9463-e77a88d5e77a,2013,Infiniti,G Sedan,G37 Journey,G Sedan,automatic,ca,4,15260,silver,black,nissan infiniti lt,23800,24500,Thu Dec 18 2014 12:30:00 GMT-0800 (PST)
06462afa-5b22-44c8-a010-08358417aa5d,2013,Hyundai,Santa Fe,Limited,SUV,automatic,ca,5,15160,blue,gray,hyundai buybacks,23100,22200,Tue Dec 16 2014 12:00:00 GMT-0800 (PST)
a7fafda8-b020-42ff-84f9-a6a91a954244,2013,Hyundai,Elantra,Limited,Sedan,automatic,ca,31,13505,red,tan,hyundai motor america/co car,14550,13800,Tue Jan 27 2015 04:30:00 GMT-0800 (PST)
92960a5c-7828-4773-8bc4-aba5fe3b98c1,2013,Infiniti,G Sedan,G37 Journey,G Sedan,automatic,ca,44,19573,white,gray,nissan infiniti lt,23300,22000,Thu Dec 18 2014 12:30:00 GMT-0800 (PST)
4ad5a96b-6ef6-4489-a0ed-e7c9fc5de579,2013,Hyundai,Veloster,Base,Hatchback,automatic,ca,48,27532,yellow,black,hyundai buybacks,13100,11300,Tue Dec 16 2014 12:00:00 GMT-0800 (PST)
74367931-780b-4e33-b245-741b74ccd72d,2013,Hyundai,Elantra,GLS,Sedan,automatic,ca,2,33158,gray,beige,enterprise vehicle exchange / tra / rental / tulsa,11650,9400,Tue Dec 16 2014 12:00:00 GMT-0800 (PST)
cd1f8e7a-fd39-484d-afb6-f7b777badef1,2013,Hyundai,Sonata Hybrid,Base,Sedan,automatic,ca,49,8495,white,beige,hyundai motor america/co car,15500,16100,Tue Dec 16 2014 12:00:00 GMT-0800 (PST)
8fb7e94f-61fe-47f8-ab32-ee1526bb91f4,2013,Hyundai,Sonata,GLS,Sedan,automatic,ca,44,36991,white,beige,avis rac/san leandro,12100,13400,Wed Dec 17 2014 12:30:00 GMT-0800 (PST)
ac72d907-452e-4a42-9c47-739e6fe9eff0,2013,Hyundai,Sonata,GLS,Sedan,automatic,ca,43,22033,silver,gray,hyundai motor finance,13050,13700,Tue Dec 16 2014 12:00:00 GMT-0800 (PST)
3ef8c013-eba3-4f8f-9ac0-60c86ed3d7ad,2013,Infiniti,G Sedan,G37 Journey,G Sedan,automatic,ca,44,20263,black,black,nissan infiniti lt,23200,26000,Thu Dec 18 2014 12:30:00 GMT-0800 (PST)
1f2f2ee0-1a64-429a-bb11-cd0177ce9ba1,2013,Infiniti,G Sedan,G37 Journey,G Sedan,automatic,ca,42,28694,black,black,nissan infiniti lt,22200,21500,Thu Dec 18 2014 12:30:00 GMT-0800 (PST)
b0dff611-d713-4d51-a87a-89f7a3cb6118,2013,Infiniti,G Sedan,G37 Journey,G Sedan,automatic,ca,44,30464,gray,black,nissan infiniti lt,22000,24000,Thu Dec 18 2014 12:30:00 GMT-0800 (PST)
04e2aeb6-f748-4369-8085-fe39905b6aaf,2013,Infiniti,G Sedan,G37 Journey,G Sedan,automatic,ca,46,10610,white,gray,nissan infiniti lt,24400,23500,Thu Dec 18 2014 12:30:00 GMT-0800 (PST)
626101f0-1a84-4148-bd97-bfcc709a2e34,2013,Hyundai,Elantra,GLS,Sedan,automatic,ca,,25447,silver,gray,enterprise vehicle exchange / tra / rental / tulsa,12150,7500,Tue Dec 16 2014 13:00:00 GMT-0800 (PST)
14256921-137e-44c5-9e42-86b5355a8463,2013,Hyundai,Sonata Hybrid,Base,Sedan,automatic,ca,44,9539,silver,gray,hyundai motor america/co car,15450,14900,Tue Dec 16 2014 12:00:00 GMT-0800 (PST)
65b32a47-6215-451d-a863-2a498d894095,2013,Hyundai,Sonata,GLS,Sedan,automatic,ca,2,35518,red,beige,enterprise vehicle exchange / tra / rental / tulsa,12200,10700,Tue Dec 16 2014 12:00:00 GMT-0800 (PST)
d31931ef-54d9-4faf-9c89-7079f30d040d,2013,Hyundai,Veloster,Turbo,Hatchback,automatic,ca,36,10474,white,black,hyundai motor america/co car,15000,16100,Tue Dec 16 2014 12:00:00 GMT-0800 (PST)
f0e8c82f-3acb-4a93-9626-b71fed5978af,2013,Hyundai,Elantra,GLS,Sedan,automatic,ca,,37279,red,beige,enterprise vehicle exchange / tra / rental / tulsa,11400,4500,Tue Dec 16 2014 13:00:00 GMT-0800 (PST)
414f7c93-8a64-42f5-ab8c-cac63a00091f,2013,Infiniti,G Sedan,G37 Journey,G Sedan,automatic,ca,36,20976,black,black,nissan infiniti lt,23100,21000,Thu Dec 18 2014 12:30:00 GMT-0800 (PST)
382f45c1-a22d-4ab1-8c12-38e7141c4f8b,2013,Infiniti,G Sedan,G37 Journey,G Sedan,automatic,ca,46,22294,black,black,nissan infiniti lt,23000,24750,Thu Dec 18 2014 12:30:00 GMT-0800 (PST)
4d899790-9aff-47e5-8280-dc29ef526532,2013,Hyundai,Sonata,GLS,Sedan,automatic,ca,2,44135,gray,gray,fox rent a car tra,11650,8400,Tue Dec 16 2014 12:00:00 GMT-0800 (PST)
44816124-5c44-4c2f-aa52-8cef1f9eca62,2013,Infiniti,G Coupe,G37 Sport,G Coupe,automatic,ca,4,30556,gray,black,nissan infiniti lt,23900,23500,Thu Dec 18 2014 12:30:00 GMT-0800 (PST)
f074f3a7-5caa-4cdb-9328-4dd10a6ea2b4,2013,Infiniti,G Sedan,G37 Journey,G Sedan,automatic,ca,41,29731,white,beige,nissan infiniti lt,22100,21000,Thu Dec 18 2014 12:30:00 GMT-0800 (PST)
6c9630c5-b80d-466d-9ae8-f5bee660d748,2013,Infiniti,G Sedan,G37 Journey,G Sedan,automatic,ca,44,16009,gray,black,nissan infiniti lt,23700,22750,Thu Dec 18 2014 12:30:00 GMT-0800 (PST)
e1506791-19ab-446a-afb8-bf9a9ffcc2d1,2013,Infiniti,G Sedan,G37 Journey,G Sedan,automatic,ca,41,17672,black,black,nissan infiniti lt,23500,21500,Thu Dec 18 2014 12:30:00 GMT-0800 (PST)
01d5d0e6-9bd2-42af-a0d2-6f2b79ecf4ce,2013,Hyundai,Elantra,GLS,Sedan,automatic,ca,4,21579,black,gray,hyundai motor finance,12350,12600,Tue Dec 16 2014 12:00:00 GMT-0800 (PST)
60bfd704-49fd-444f-8d65-4dff819e85d3,2013,Infiniti,G Coupe,G37 Sport,G Coupe,automatic,ca,42,15131,white,black,nissan infiniti lt,25900,26000,Thu Dec 18 2014 12:30:00 GMT-0800 (PST)
d8f849b7-1380-4869-ac4f-41b259396f6b,2013,Hyundai,Sonata Hybrid,Limited,Sedan,automatic,ca,47,11798,black,gray,hyundai motor america/co car,18650,18400,Tue Dec 16 2014 12:00:00 GMT-0800 (PST)
fce1db13-d2df-46b4-9ddc-80af3ded4401,2013,Infiniti,G Sedan,G37 Journey,G Sedan,automatic,ca,37,20202,black,black,nissan infiniti lt,23200,21750,Thu Dec 18 2014 12:30:00 GMT-0800 (PST)
282887a0-42f9-4a70-85f7-8393a41dcd41,2013,Hyundai,Genesis Coupe,3.8 Track,Genesis Coupe,automatic,ca,48,12730,red,black,hyundai motor america/co car,21400,23000,Tue Dec 16 2014 12:00:00 GMT-0800 (PST)
872aed66-fb65-4c7f-9fa9-7de24de5fe01,2013,Hyundai,Santa Fe,Sport,SUV,automatic,ca,43,41783,green,beige,avis rac/san leandro,17600,17400,Wed Dec 31 2014 12:30:00 GMT-0800 (PST)
e18e199f-0196-4757-a8b8-b3e0630c3a72,2013,Infiniti,G Sedan,G37 Journey,G Sedan,automatic,ca,44,9785,blue,black,nissan infiniti lt,24500,23000,Thu Dec 18 2014 12:30:00 GMT-0800 (PST)
8d46484b-f080-4dc5-9cd7-4abff9973378,2013,Hyundai,Elantra,Limited,Sedan,automatic,ca,37,13871,white,black,hyundai motor america/co car,15100,15900,Tue Dec 16 2014 12:00:00 GMT-0800 (PST)
30594481-e0f9-4244-bd4d-edf311db6996,2013,Infiniti,G Coupe,G37 Sport,G Coupe,automatic,ca,36,26843,gray,black,nissan infiniti lt,24400,24250,Thu Dec 18 2014 12:30:00 GMT-0800 (PST)
9f193aab-b7b3-40db-904f-c91ec418263b,2013,Infiniti,G Sedan,G37 Journey,G Sedan,automatic,ca,44,9535,black,black,nissan infiniti lt,24500,25000,Thu Dec 18 2014 12:30:00 GMT-0800 (PST)
85a170cd-20c0-4e0a-9ac4-50a7c47902a7,2013,Infiniti,G Sedan,G37 Journey,G Sedan,automatic,ca,42,25016,white,black,nissan infiniti lt,22700,24750,Thu Dec 18 2014 12:30:00 GMT-0800 (PST)
7ecea54c-29e8-46e3-a06f-0120bb4e1b7d,2013,Infiniti,G Coupe,G37 Sport,G Coupe,automatic,ca,37,18548,gray,black,nissan infiniti lt,25400,25000,Thu Dec 18 2014 12:30:00 GMT-0800 (PST)
88f8480e-dbc8-4bdd-a94b-569a1e3cc1d0,2013,Hyundai,Genesis,3.8,Sedan,automatic,ca,43,11041,black,beige,hyundai motor finance,19800,12500,Tue Dec 16 2014 12:00:00 GMT-0800 (PST)
60cb2c31-edef-4c5f-b269-27b34f79b90b,2013,Hyundai,Sonata Hybrid,Limited,Sedan,automatic,ca,45,13162,black,gray,hyundai motor america/co car,18450,18600,Tue Dec 16 2014 12:00:00 GMT-0800 (PST)
7a24634c-1763-477e-bcd7-7cfb5e9f1f38,2013,Infiniti,G Sedan,G37 Journey,G Sedan,automatic,ca,43,11596,white,black,nissan infiniti lt,24300,26000,Thu Dec 18 2014 12:30:00 GMT-0800 (PST)
45078c56-e9fd-435e-9024-8c7ea6f3741d,2013,Infiniti,G Sedan,G37 Journey,G Sedan,automatic,ca,45,18921,gray,black,nissan infiniti lt,23400,21750,Thu Dec 18 2014 12:30:00 GMT-0800 (PST)
cfdbd2b8-5237-41ba-ac30-61e6452b26ae,2013,Hyundai,Tucson,Limited,SUV,automatic,ca,44,32413,white,beige,hyundai motor america/co car,16150,17500,Tue Dec 16 2014 12:00:00 GMT-0800 (PST)
27bce1eb-d288-4c87-8ff0-67dd179b9088,2013,Hyundai,Sonata,GLS,Sedan,automatic,ca,25,40045,white,beige,avis corporation,11900,12300,Tue Dec 16 2014 12:30:00 GMT-0800 (PST)
70832e81-cde0-4692-985e-5b56f796ba75,2013,Infiniti,G Sedan,G37 Journey,G Sedan,automatic,ca,45,23481,white,black,nissan infiniti lt,22800,25750,Thu Dec 18 2014 12:30:00 GMT-0800 (PST)
c7b0e617-55ba-484d-8c9b-af8eaea1a098,2013,Hyundai,Sonata,GLS,Sedan,automatic,ca,33,37499,blue,gray,avis corporation,12050,12400,Tue Dec 16 2014 12:30:00 GMT-0800 (PST)
a3bd69e9-785c-4ada-aded-3ba6653f3b45,2013,Infiniti,G Sedan,G37 Journey,G Sedan,automatic,ca,43,13273,gray,gray,nissan infiniti lt,24100,25750,Thu Dec 18 2014 12:30:00 GMT-0800 (PST)
97a0086f-2204-4bf2-87dc-b1e463370847,2013,Hyundai,Genesis,5.0 R-Spec,Sedan,automatic,ca,44,35995,silver,black,hyundai motor america/co car,25900,27200,Tue Dec 16 2014 12:00:00 GMT-0800 (PST)
63d3ef30-466e-4442-b307-cbb24666591a,2013,Infiniti,G Sedan,G37 Journey,G Sedan,automatic,ca,42,23470,black,black,nissan infiniti lt,22800,24500,Thu Dec 18 2014 12:30:00 GMT-0800 (PST)
f3689a7c-a271-4497-8307-4fbd568fee4d,2013,Hyundai,Accent,GS,Hatchback,manual,ca,47,15813,green,black,jpmorgan chase bank n.a.,10500,9500,Thu Dec 18 2014 12:00:00 GMT-0800 (PST)
a9a95c4a-a7aa-40bf-882c-22cb805cc250,2013,Hyundai,Elantra,GLS,Sedan,automatic,ca,36,40079,silver,—,enterprise veh exchange/rental,11250,11300,Thu Dec 18 2014 11:30:00 GMT-0800 (PST)
9351b710-a331-4a5b-9964-01c25130e3f5,2013,Hyundai,Sonata,GLS,Sedan,automatic,ca,39,36564,—,beige,hyundai motor finance,12450,12400,Tue Jan 27 2015 04:30:00 GMT-0800 (PST)
9506a1c4-e438-4ea3-831a-d3fd33132ffa,2013,Hyundai,Sonata,GLS,Sedan,automatic,ca,3,37060,blue,gray,enterprise vehicle exchange / tra / rental / tulsa,12350,10100,Tue Dec 30 2014 13:00:00 GMT-0800 (PST)
92a38165-c779-4190-9c88-ea82bb44db0e,2013,Infiniti,G Sedan,G37 Journey,G Sedan,automatic,ca,44,16833,gray,black,nissan infiniti lt,23600,24750,Thu Dec 18 2014 12:30:00 GMT-0800 (PST)
a8f4d742-764f-4813-9c73-35c564ba3db4,2013,Hyundai,Santa Fe,Sport 2.0T,SUV,automatic,ca,5,66,silver,black,hyundai motor america/co car,23100,20800,Tue Dec 16 2014 12:00:00 GMT-0800 (PST)
fc2d38c1-4336-4aaa-b21e-b91a70d61bdf,2013,Infiniti,G Sedan,G37 Journey,G Sedan,automatic,ca,42,20070,gray,black,nissan infiniti lt,23300,22000,Thu Dec 18 2014 12:30:00 GMT-0800 (PST)
e1465cff-3823-463f-96da-46347cb3647b,2013,Hyundai,Accent,GLS,Sedan,automatic,ca,2,35828,gold,beige,enterprise vehicle exchange / tra / rental / tulsa,9600,6700,Tue Dec 16 2014 13:00:00 GMT-0800 (PST)
56b97f77-c105-4ba9-8a23-89baba765baa,2013,Infiniti,G Sedan,G37 Journey,G Sedan,automatic,ca,42,20408,gray,black,nissan infiniti lt,23500,24000,Wed Dec 17 2014 12:30:00 GMT-0800 (PST)
4a2cf878-a1b7-401e-a845-f30a5f9476bb,2013,Infiniti,G Sedan,G37 Journey,G Sedan,automatic,ca,39,13632,gray,gray,nissan infiniti lt,24000,22000,Thu Dec 18 2014 12:30:00 GMT-0800 (PST)
399feea7-10ba-4647-9f5a-bf1a75136047,2013,Infiniti,G Coupe,G37 Sport,G Coupe,automatic,ca,39,6802,white,black,nissan infiniti lt,26900,23250,Tue Jan 13 2015 12:30:00 GMT-0800 (PST)
8881b657-ae26-4fe0-bd76-033356f1fd58,2013,Infiniti,G Sedan,G37 Journey,G Sedan,automatic,ca,44,32437,white,black,nissan infiniti lt,22000,20500,Tue Dec 23 2014 12:30:00 GMT-0800 (PST)
278e0174-0a13-4301-83e2-2c369c812382,2013,Hyundai,Sonata Hybrid,Limited,Sedan,automatic,ca,5,20,silver,gray,hyundai motor america/co car,20300,19900,Tue Dec 16 2014 12:00:00 GMT-0800 (PST)
2bd98846-f9d1-49ee-8cc9-aeb51962de20,2013,Infiniti,G Sedan,G37 Journey,G Sedan,automatic,ca,37,16486,black,black,nissan infiniti lt,23700,24000,Thu Dec 18 2014 12:30:00 GMT-0800 (PST)
2a5703d7-9188-486f-b0d9-cff21645fe4f,2013,Infiniti,G Sedan,G37 Journey,G Sedan,automatic,ca,42,20432,white,black,nissan infiniti lt,23200,24250,Thu Dec 18 2014 12:30:00 GMT-0800 (PST)
dcf3e9f6-3cf9-44d8-b64b-cf3d810034c0,2013,Hyundai,Sonata,GLS,Sedan,automatic,ca,38,40322,silver,gray,avis corporation,11900,12300,Tue Dec 16 2014 12:30:00 GMT-0800 (PST)
18ef894f-9a9a-4fa3-a8e4-7c898cdc5737,2013,Infiniti,G Sedan,G37 Journey,G Sedan,automatic,ca,39,10993,blue,black,nissan infiniti lt,24400,24250,Thu Dec 18 2014 12:30:00 GMT-0800 (PST)
a4194b14-6a28-4e16-87c3-168c886c31ef,2013,Hyundai,Sonata,GLS,Sedan,automatic,ca,38,47516,black,beige,hyundai motor finance,11850,11700,Tue Jan 27 2015 04:30:00 GMT-0800 (PST)
701dc58a-00bb-4248-821c-30feea0412c0,2013,Infiniti,G Coupe,G37 Sport,G Coupe,automatic,ca,41,13002,—,black,nissan infiniti lt,26100,26500,Thu Dec 18 2014 12:30:00 GMT-0800 (PST)
ae344e9a-fffe-4103-8f96-e2a5ad1ce8f2,2013,Hyundai,Elantra,GLS,Sedan,automatic,ca,1,41710,gray,gray,enterprise vehicle exchange / tra / rental / tulsa,11150,7700,Tue Dec 16 2014 12:00:00 GMT-0800 (PST)
d1e1d3de-cb72-471b-942b-b0250c83328b,2013,Nissan,Altima,2.5,Sedan,automatic,ca,32,62381,black,black,the hertz corporation,11700,11900,Tue Dec 16 2014 12:30:00 GMT-0800 (PST)
c1e034ff-2aa4-415f-a752-c299bcf02905,2013,Nissan,Altima,2.5,Sedan,automatic,ca,36,37136,red,beige,avis corporation,12900,13800,Tue Dec 16 2014 12:30:00 GMT-0800 (PST)
daee8936-3610-4d8f-a567-a31cd5149bfe,2013,Infiniti,G Coupe,G37 Sport,G Coupe,automatic,ca,45,16219,gray,black,nissan infiniti lt,25700,26500,Tue Dec 16 2014 12:30:00 GMT-0800 (PST)
29bba711-67c1-4a39-9e78-aa91723bbe14,2013,Mercedes-Benz,S-Class,S550,Sedan,automatic,ca,36,4811,black,black,mercedes-benz financial services,55100,45500,Thu Jan 29 2015 04:30:00 GMT-0800 (PST)
983723f7-2358-4039-864b-1b269c4d9f23,2013,Jeep,Wrangler,Unlimited Rubicon,SUV,manual,ca,47,9153,red,gray,clear view systems,34300,35250,Tue Dec 16 2014 12:30:00 GMT-0800 (PST)
a7fca41a-281b-4291-bf99-343a3a88371d,2013,Lexus,GS 350,Base,Sedan,automatic,ca,36,39590,white,white,lexus financial services,32100,32100,Wed Dec 17 2014 12:30:00 GMT-0800 (PST)
8537302f-51f9-4ec0-8a2c-01c2a557b52d,2013,Hyundai,Sonata,GLS,Sedan,automatic,ca,39,25895,white,beige,jpmorgan chase bank n.a.,12850,12900,Thu Dec 18 2014 12:00:00 GMT-0800 (PST)
f0824af5-e780-401c-8c00-c6be1b7e9997,2013,Kia,Optima,EX Hybrid,Sedan,automatic,ca,44,16045,white,beige,kia motors america  inc,16000,16800,Tue Dec 16 2014 12:30:00 GMT-0800 (PST)
e4db17e6-a015-456d-9132-2042e49a7e4e,2013,Infiniti,G Sedan,G37 Journey,G Sedan,automatic,ca,47,17203,—,beige,nissan infiniti lt,23900,24750,Wed Dec 17 2014 12:30:00 GMT-0800 (PST)
f536d1e1-42b7-4081-8a1d-778e99ce1854,2013,Hyundai,Elantra,GLS,Sedan,automatic,ca,1,24120,brown,beige,hyundai motor finance,11950,5200,Tue Jan 13 2015 12:00:00 GMT-0800 (PST)
cf1d2f4a-298e-488a-8051-720b962d76e5,2013,Mitsubishi,Outlander,SE,SUV,automatic,ca,39,36071,silver,black,avis rac/san leandro,14750,15000,Wed Dec 31 2014 12:30:00 GMT-0800 (PST)
be450242-d445-4d10-833e-5781563332c8,2013,Kia,Optima,EX Hybrid,Sedan,automatic,ca,46,11757,black,black,kia motors america  inc,16050,16500,Tue Dec 16 2014 12:30:00 GMT-0800 (PST)
b3bb30b8-589d-4bd2-8169-134348119963,2013,Kia,Optima,SX,Sedan,automatic,ca,44,24131,black,black,high bid trading co inc,21200,21250,Wed Dec 17 2014 12:15:00 GMT-0800 (PST)
d6b4cea5-7286-4b4e-bfbc-947894f973ba,2013,Mercedes-Benz,C-Class,C250,Coupe,automatic,ca,42,20705,—,black,mercedes-benz financial services,26700,25750,Thu Dec 18 2014 12:30:00 GMT-0800 (PST)
7f5184ba-e767-4a4e-8a33-94f0c2a3a9a1,2013,Nissan,Altima,2.5,Sedan,automatic,ca,2,38766,black,black,enterprise vehicle exchange / tra / rental / tulsa,12850,12100,Tue Dec 16 2014 12:00:00 GMT-0800 (PST)
193a7213-13d9-46f0-8b9e-b7e8af798c37,2013,Infiniti,G Sedan,G37 Journey,G Sedan,automatic,ca,43,29782,gray,black,nissan infiniti lt,22100,21500,Thu Dec 18 2014 12:30:00 GMT-0800 (PST)
b16871a3-e2b5-4da8-b2f0-560027a6f60f,2013,Infiniti,G Sedan,G37 Journey,G Sedan,automatic,ca,36,36931,gray,black,nissan infiniti lt,21300,22250,Wed Dec 17 2014 12:30:00 GMT-0800 (PST)
0e2e0200-4d60-4259-a47c-ce402e0a030e,2013,Nissan,Altima,2.5,Sedan,automatic,ca,44,44303,silver,black,enterprise vehicle exchange/orange,12550,13000,Wed Dec 17 2014 12:30:00 GMT-0800 (PST)
1b9db539-efc5-4f6f-b807-a891e876bfae,2013,Nissan,Altima,2.5,Sedan,automatic,ca,43,38974,silver,black,enterprise vehicle exchange/orange,12800,13600,Tue Dec 16 2014 12:30:00 GMT-0800 (PST)
79ae7ae6-f259-42e7-aaad-413244f41f65,2013,Jeep,Wrangler,Unlimited Sahara,SUV,automatic,ca,31,41173,black,black,avis corporation,27100,27000,Tue Dec 30 2014 15:00:00 GMT-0800 (PST)
cce9db2d-b060-4292-9e44-4ee7d58d173d,2013,Hyundai,Sonata,SE,Sedan,automatic,ca,48,10241,blue,gray,hyundai motor america/co car,15100,16900,Tue Dec 16 2014 12:00:00 GMT-0800 (PST)
8c1ceb2c-abcd-4711-bf0e-e38dac9082b4,2013,Mazda,Mazda2,Sport,Hatchback,automatic,ca,2,24252,black,black,exeter finance corp,9825,9100,Thu Dec 18 2014 12:00:00 GMT-0800 (PST)
bdb18726-abec-412c-b16e-85541a80065c,2013,Nissan,Altima,2.5,Sedan,automatic,ca,4,37020,red,black,enterprise vehicle exchange/orange,13400,13600,Tue Dec 16 2014 12:30:00 GMT-0800 (PST)
c7cb0b88-9b82-4a91-934e-926913ef403a,2013,Infiniti,G Sedan,G37 Journey,G Sedan,automatic,ca,46,17541,white,gray,nissan infiniti lt,23600,24750,Thu Dec 18 2014 12:30:00 GMT-0800 (PST)
2bfa537d-bef7-434c-a5d1-a2d5a3502358,2013,Kia,Rio,LX,Sedan,automatic,ca,28,31406,silver,black,primeritus remarketing/oregon comm credit,9775,8900,Wed Dec 17 2014 12:30:00 GMT-0800 (PST)
b08eb15e-7a5a-4280-a198-60d45b14c84b,2013,Mercedes-Benz,C-Class,C250 Sport,Sedan,automatic,ca,45,20161,white,black,mercedes-benz financial services,23100,25000,Thu Dec 18 2014 12:30:00 GMT-0800 (PST)
672dadc8-45fc-4c2c-b225-bb92e3fd7610,2013,Kia,Optima,LX,Sedan,automatic,ca,22,14061,black,gray,kia motors finance,14150,11700,Tue Dec 16 2014 12:00:00 GMT-0800 (PST)
cf88d09f-e840-4197-aec6-645fa419ba28,2013,Infiniti,G Sedan,G37 Journey,G Sedan,automatic,ca,42,16153,blue,black,nissan infiniti lt,23700,24000,Thu Dec 18 2014 12:30:00 GMT-0800 (PST)
65d1d857-ed65-43f5-bf58-670ff706c5be,2013,Mazda,Mazda2,Touring,Hatchback,automatic,ca,35,44392,red,black,the hertz corporation,8475,8500,Tue Dec 16 2014 12:30:00 GMT-0800 (PST)
b874b705-33cf-4db9-a975-d77d1d93dfd6,2013,Infiniti,M,M37,Sedan,automatic,ca,46,10808,—,black,nissan north america inc.,33900,33500,Thu Jan 15 2015 04:30:00 GMT-0800 (PST)
ef152de6-614b-4929-a2c7-97affc44b866,2013,Kia,Optima,EX Hybrid,Sedan,automatic,ca,42,19543,black,gray,kia motors america  inc,15900,16100,Tue Dec 16 2014 12:30:00 GMT-0800 (PST)
dd0a37f9-cfce-41f8-b0ab-671689950c78,2013,Nissan,370Z,Base,Convertible,automatic,ca,43,445,silver,black,nissan north america inc.,29800,28750,Tue Dec 16 2014 12:30:00 GMT-0800 (PST)
05c7be1a-46e6-42bf-b349-69227449f260,2013,Kia,Soul,+,Wagon,automatic,ca,28,48270,black,black,exeter finance corp,11250,11000,Tue Dec 30 2014 15:00:00 GMT-0800 (PST)
0aaeba09-2d67-4bc5-88ca-c39feb6c5b83,2013,Kia,Sorento,LX,SUV,automatic,ca,44,48050,silver,gray,kia motors america  inc -lemon law buybacks,15700,12750,Tue Dec 16 2014 12:30:00 GMT-0800 (PST)
36fd95eb-aefd-41a7-807f-c4a06f6372df,2013,Kia,Rio,LX,Sedan,automatic,ca,4,36667,black,beige,avis rac/san leandro,9375,9800,Wed Dec 31 2014 12:30:00 GMT-0800 (PST)
855fd0a9-d46c-4c2d-b6fc-fa52469bb5cc,2013,Hyundai,Elantra,GLS,Sedan,automatic,ca,35,38388,gray,gray,enterprise vehicle exchange/orange,11350,11700,Tue Dec 16 2014 12:30:00 GMT-0800 (PST)
aa688364-522d-490d-9809-ae605399eb5b,2013,Kia,Soul,Base,Wagon,manual,ca,1,11699,silver,black,kia motors finance,11400,6900,Tue Dec 16 2014 12:00:00 GMT-0800 (PST)
a7ed64ed-fe9e-4585-a427-6edcc1a4e368,2013,Nissan,Altima,2.5,Sedan,automatic,ca,37,47601,black,black,merchants leasing,12600,12200,Tue Dec 30 2014 16:00:00 GMT-0800 (PST)
d49637e3-77eb-463d-83bc-e342aefe801e,2013,Mitsubishi,Outlander Sport,LE,SUV,automatic,ca,27,37713,blue,black,avis rac/san leandro,15650,14000,Wed Dec 17 2014 12:30:00 GMT-0800 (PST)
22d6ffce-6ad2-4f7a-8710-7630c2024b8f,2013,Mercedes-Benz,C-Class,C250 Sport,Sedan,automatic,ca,28,31978,black,black,the hertz corporation,22000,21000,Tue Dec 30 2014 12:30:00 GMT-0800 (PST)
ba426b26-a12d-4eae-8270-d271b3d405e8,2013,Mercedes-Benz,SLK-Class,SLK350,Convertible,automatic,ca,44,8470,black,—,mercedes-benz finc wholesale advantage,44700,37000,Thu Jan 15 2015 04:30:00 GMT-0800 (PST)
121dfa4e-afa0-4a45-aa71-f156d3a039ce,2013,MINI,Cooper Clubman,Base,Hatchback,automatic,ca,37,36498,green,beige,avis rac/san leandro,13550,13600,Wed Dec 17 2014 12:30:00 GMT-0800 (PST)
7186dd42-90c5-40d3-930d-6c3396964a52,2013,Mazda,Mazda3,i SV,Sedan,automatic,ca,36,54715,gray,black,california republic bank,9900,10600,Wed Dec 17 2014 12:30:00 GMT-0800 (PST)
f072af34-9b07-4e38-9277-7aae7727ff94,2013,Lexus,ES 350,Base,Sedan,automatic,ca,38,24478,gray,black,mercedes benz of temecula,28900,27750,Thu Dec 18 2014 12:00:00 GMT-0800 (PST)
378f717d-e9d4-47e7-b5a8-3f569e8d55a8,2013,Mercedes-Benz,E-Class,E350 Sport,Sedan,automatic,ca,25,4995,black,black,mercedes-benz usa,35400,31750,Thu Jan 15 2015 04:30:00 GMT-0800 (PST)
34f6f163-6b00-4e3d-8fc8-6fb2fc03b4a5,2013,MINI,Cooper,Base,Hatchback,automatic,ca,28,7273,blue,—,bmw mini financial services,15300,15000,Thu Dec 18 2014 12:30:00 GMT-0800 (PST)
025e7e54-837e-4162-8881-025a4dd5e0a7,2013,Mercedes-Benz,S-Class,S550,Sedan,,ca,39,16426,black,black,mercedes-benz financial services,52600,54250,Thu Jan 15 2015 04:30:00 GMT-0800 (PST)
3c4ec00d-7de0-481e-bb4d-d379f13c5d6e,2013,Mazda,CX-9,Touring,SUV,automatic,ca,38,46733,red,black,avis rac/san leandro,19150,20500,Wed Dec 31 2014 12:30:00 GMT-0800 (PST)
10c184b1-94b2-43b6-aec0-32c6afd25845,2013,Infiniti,G Sedan,G37 Journey,G Sedan,automatic,ca,4,33838,gray,black,nissan infiniti lt,21600,20250,Thu Dec 18 2014 12:30:00 GMT-0800 (PST)
3094c066-8a13-4a34-b80a-d1a954319f1a,2013,Kia,Sorento,SX,SUV,automatic,ca,47,20209,burgundy,black,high bid trading co inc,21700,21500,Wed Dec 17 2014 12:15:00 GMT-0800 (PST)
60e2582f-b26f-4033-bdc3-00a0462ba342,2013,Nissan,Altima,2.5 S,Coupe,automatic,ca,1,33985,black,black,remarketing by ge/manheim southern california,13700,8000,Tue Dec 23 2014 13:00:00 GMT-0800 (PST)
cd6422c4-a101-4fdd-b909-d1d29ee7d36e,2013,Kia,Forte,LX,Sedan,automatic,ca,43,54978,black,gray,exeter finance corp,7050,9200,Thu Dec 18 2014 12:00:00 GMT-0800 (PST)
56c4092b-91b1-4e94-80d5-81d7347fb7fa,2013,Lexus,RX 350,Base,SUV,automatic,ca,,29353,gray,—,south county lexus at mission viejo,32000,29600,Wed Dec 17 2014 12:30:00 GMT-0800 (PST)
1f1e7e4d-0260-4fdf-b077-1da5ffdc7f97,2013,Nissan,Altima,2.5,Sedan,automatic,ca,33,40931,charcoal,black,enterprise vehicle exchange/orange,12750,13500,Tue Dec 16 2014 12:30:00 GMT-0800 (PST)
367523e9-62a3-461b-823b-77c233c783b3,2013,Infiniti,JX,JX35,SUV,automatic,ca,37,37738,gray,beige,nissan infiniti lt,32000,32250,Wed Dec 17 2014 12:30:00 GMT-0800 (PST)
ed1caa9a-0be9-491e-bc37-dfacedb4d0d2,2013,Nissan,Altima,2.5,Sedan,automatic,ca,35,38688,red,black,avis corporation,12850,13500,Tue Dec 16 2014 12:30:00 GMT-0800 (PST)
545618fb-4a19-424b-a9b1-374e17c21371,2013,Infiniti,G Sedan,G37 Journey,G Sedan,automatic,ca,43,19683,gray,black,nissan infiniti lt,23300,26000,Thu Dec 18 2014 12:30:00 GMT-0800 (PST)
955cbad2-d7fd-4599-838a-9b27cac7e860,2013,Nissan,Altima,2.5,Sedan,automatic,ca,35,35900,black,black,avis rac/san leandro,12950,13500,Wed Dec 17 2014 12:30:00 GMT-0800 (PST)
60ef76b4-ddd0-4f77-a17f-8f18515c2416,2013,Nissan,Altima,2.5,Sedan,automatic,ca,39,37395,white,beige,avis corporation,13150,13400,Tue Dec 30 2014 12:30:00 GMT-0800 (PST)
49958652-e03b-4b2d-bd16-19d72c211509,2013,Mazda,CX-9,Touring,SUV,automatic,ca,36,44289,gray,black,avis rac/san leandro,19050,20000,Wed Dec 31 2014 12:30:00 GMT-0800 (PST)
14cb2a89-09b2-466b-8cdb-19f438b20e74,2013,Jeep,Compass,Latitude,SUV,automatic,ca,41,32090,white,black,chrysler capital,12600,13900,Thu Dec 18 2014 12:00:00 GMT-0800 (PST)
ead72f16-796a-4bb9-a461-de9ce5f9e4e4,2013,Nissan,370Z,Base,Coupe,automatic,ca,38,10506,black,black,nissan north america inc.,23600,21500,Tue Dec 16 2014 12:30:00 GMT-0800 (PST)
2cd90fd1-6be5-4dc6-8783-4ed87e5d9414,2013,Kia,Rio,SX,Hatchback,manual,ca,46,4668,red,black,kia motors finance,14050,14200,Tue Dec 16 2014 12:00:00 GMT-0800 (PST)
532f2fd9-274a-47ef-95a0-3c691bffb82d,2013,Infiniti,G Sedan,G37x,G Sedan,automatic,ca,44,37527,white,black,nissan infiniti lt,21700,23000,Thu Dec 18 2014 12:30:00 GMT-0800 (PST)
c8f930e4-b019-4dfa-b067-268a468c11bc,2013,Kia,Optima,SX,Sedan,automatic,ca,42,14012,black,black,kia motors finance,22200,22200,Tue Dec 16 2014 12:00:00 GMT-0800 (PST)
8bcd21a4-de20-4fed-a3bf-683b5b64a6da,2013,Lexus,RX 450h,Base,SUV,automatic,ca,,27970,burgundy,—,dolan toyota scion,37300,30500,Wed Dec 17 2014 12:30:00 GMT-0800 (PST)
68449ad8-2b1d-4565-bac3-fb050757693d,2013,Nissan,Altima,2.5,Sedan,automatic,ca,38,38395,white,black,merchants automotive group,12850,13100,Wed Dec 17 2014 12:30:00 GMT-0800 (PST)
a4b338fd-2089-448f-a7ab-63cc3c8feac8,2013,Kia,Soul,+,Wagon,manual,ca,2,59886,black,black,hyundai motor finance,10200,7000,Tue Dec 16 2014 12:00:00 GMT-0800 (PST)
0a26b649-a7b0-426f-b0dc-a9ef94b4b825,2013,Land Rover,LR4,HSE LUX,SUV,automatic,ca,44,2059,gray,black,land rover north america llc,58500,42000,Thu Dec 18 2014 12:30:00 GMT-0800 (PST)
5e9165fb-4932-4cd9-934a-09a8c4818563,2013,Kia,Optima,EX,Sedan,automatic,ca,2,24614,burgundy,beige,kia motors finance,16200,10600,Tue Dec 16 2014 13:00:00 GMT-0800 (PST)
7f71d1ce-a9b3-4f95-b564-2159b6f4debf,2013,Mazda,Mazda5,Touring,Minivan,automatic,ca,35,39272,red,gray,avis corporation,11300,12400,Tue Dec 16 2014 12:30:00 GMT-0800 (PST)
8c5aa707-053a-4c03-8c72-9b470f388019,2013,Kia,Rio,LX,Hatchback,automatic,ca,2,4850,red,black,kia motors finance,10650,6300,Tue Dec 16 2014 12:00:00 GMT-0800 (PST)
b8782451-7bbb-4bf0-8e5d-d5454ad41f54,2013,Nissan,Altima,2.5,Sedan,automatic,ca,45,48463,white,beige,wheels exchange llc,12350,14000,Wed Dec 17 2014 12:30:00 GMT-0800 (PST)
d9395ac9-9789-4f28-b43c-e30202aac4b7,2013,Infiniti,G Sedan,G37x,G Sedan,automatic,ca,38,23642,gray,black,nissan infiniti lt,23300,23000,Thu Dec 18 2014 12:30:00 GMT-0800 (PST)
c77aadae-1706-4000-9834-e5444122e788,2013,Mazda,Mazda3,i Touring,Sedan,automatic,ca,3,47917,black,black,south bay hyundai,9100,9600,Tue Dec 16 2014 12:30:00 GMT-0800 (PST)
a85928fc-5b74-4015-b3e5-a436c50020f6,2013,Nissan,Altima,2.5,Sedan,automatic,ca,41,39364,silver,black,avis corporation,12800,13500,Wed Dec 17 2014 12:30:00 GMT-0800 (PST)
12d48903-78bd-4b1f-8151-6b9a7453e856,2013,Nissan,Altima,2.5 S,Coupe,automatic,ca,44,10510,gray,black,team nissan,15650,15500,Tue Dec 16 2014 12:30:00 GMT-0800 (PST)
ec809949-fb3b-483a-88a5-9d948fc74c25,2013,Infiniti,G Coupe,G37x,G Coupe,automatic,ca,35,10055,gray,black,nissan infiniti lt,26300,27000,Wed Dec 17 2014 12:30:00 GMT-0800 (PST)
b5785075-3ca2-4dac-b090-99491f1d52e9,2013,Infiniti,M,M37,Sedan,automatic,ca,41,9338,white,black,nissan north america inc.,34700,34500,Thu Dec 18 2014 12:30:00 GMT-0800 (PST)
4c92d181-bcd7-4a77-ae52-ffc311ee815c,2013,Kia,Forte,EX,Sedan,automatic,ca,27,55885,gray,black,caprock auto remarketing,9175,8800,Tue Dec 23 2014 12:00:00 GMT-0800 (PST)
181727cb-38cd-48ab-ba3d-60ea029cf67c,2013,Mazda,CX-9,Touring,SUV,automatic,ca,29,41807,gray,black,avis corporation,18850,19900,Tue Dec 16 2014 12:30:00 GMT-0800 (PST)
be3d1a26-6b63-49c9-8f2f-e114930314c3,2013,Nissan,Altima,2.5 S,Coupe,automatic,ca,35,42938,gray,black,avis rac/san leandro,12400,13300,Wed Dec 17 2014 12:30:00 GMT-0800 (PST)
cda53396-ae68-4c11-9139-f96dab042276,2013,Kia,Optima,EX Hybrid,Sedan,automatic,ca,49,19078,white,gray,kia motors america  inc,15950,16500,Tue Dec 16 2014 12:30:00 GMT-0800 (PST)
dbaf946b-3397-4b43-95c1-1be07dc5a5a4,2013,MINI,Cooper,Base,Hatchback,automatic,ca,35,36000,green,black,avis rac/san leandro,12750,13700,Wed Dec 17 2014 12:30:00 GMT-0800 (PST)
bbc9e160-0407-4629-b069-18a6795f4967,2013,Mazda,Mazda5,Sport,Minivan,automatic,ca,29,40275,gray,black,enterprise vehicle exchange/orange,12050,12200,Tue Dec 16 2014 12:30:00 GMT-0800 (PST)
3139d4a9-44fa-4310-8b22-7a003f1f3056,2013,Lexus,GS 350,Base,Sedan,automatic,ca,34,17786,beige,brown,lexus financial services,34500,33000,Wed Jan 14 2015 00:00:00 GMT-0800 (PST)
4661d8e3-7455-476d-8a3f-d8923011b0fa,2013,Kia,Rio,LX,Sedan,automatic,ca,2,45800,black,beige,kia motors finance,8550,3850,Tue Jan 13 2015 13:00:00 GMT-0800 (PST)
2e5f0eec-f83d-4b36-833c-2a66644679ce,2013,Land Rover,Range Rover Evoque,Pure Plus,SUV,automatic,ca,48,25524,blue,black,mercedes benz of laguna niguel,35400,35500,Wed Dec 17 2014 12:30:00 GMT-0800 (PST)
a077fb3b-54c5-44ff-8885-9b9593eeceac,2013,MINI,Cooper,Base,Hatchback,automatic,ca,,28156,black,black,enterprise vehicle exchange / tra / rental / tulsa,13400,2500,Tue Dec 16 2014 13:00:00 GMT-0800 (PST)
d9b5a1c7-9a08-4704-bfcc-596c1dd6b416,2013,Infiniti,G Coupe,G37x,G Coupe,automatic,ca,42,46120,—,black,nissan infiniti lt,21600,23500,Thu Dec 18 2014 12:30:00 GMT-0800 (PST)
1642077f-3fda-41bd-b59c-b305aea07c2d,2013,Nissan,Altima,2.5,Sedan,automatic,ca,44,45685,gray,beige,enterprise veh exchange/rental,12550,13200,Thu Dec 18 2014 11:30:00 GMT-0800 (PST)
ef6278ac-8721-4ec9-a5a3-2818e93876ed,2013,Infiniti,G Sedan,G37 Journey,G Sedan,automatic,ca,44,48156,black,gray,nissan infiniti lt,19800,22250,Wed Dec 17 2014 12:30:00 GMT-0800 (PST)
3191c76c-1337-49b3-bdc1-54fb55cc2e92,2013,Kia,Rio,LX,Sedan,manual,ca,19,22658,white,beige,tdaf remarketing,9225,5500,Tue Dec 16 2014 12:30:00 GMT-0800 (PST)
6b9afdd5-21eb-4390-882f-9386614acd7a,2013,Kia,Optima,EX Hybrid,Sedan,automatic,ca,44,18554,gray,black,kia motors america  inc,15950,15700,Tue Dec 16 2014 12:30:00 GMT-0800 (PST)
3c98a050-4631-46f4-ae24-ce37df9bf227,2013,Kia,Rio,LX,Sedan,automatic,ca,26,13508,white,black,exeter finance corp,9475,7500,Thu Dec 18 2014 12:00:00 GMT-0800 (PST)
27714ad4-9383-4651-9725-1f1675a4acd0,2013,Mitsubishi,Outlander,SE,SUV,automatic,ca,38,36990,silver,black,avis corporation,14550,14800,Thu Dec 18 2014 11:30:00 GMT-0800 (PST)
58ca599f-6960-4bb6-9a73-209e5bd7c055,2013,Jeep,Compass,Latitude,SUV,automatic,ca,27,31688,red,black,exeter finance corp,12650,13000,Thu Dec 18 2014 12:00:00 GMT-0800 (PST)
b3431f3f-2684-437e-b727-04e79db68146,2013,Lexus,LS 460,L,Sedan,automatic,ca,49,71,gold,beige,sunshine autos,66000,64000,Tue Dec 30 2014 12:30:00 GMT-0800 (PST)
a83de7a0-6553-4869-a2bb-0a76423db9a4,2013,Mitsubishi,Outlander,SE,SUV,automatic,ca,35,39473,gray,black,avis corporation,14300,14700,Thu Dec 18 2014 11:30:00 GMT-0800 (PST)
1137fd4c-636e-482a-b723-37606e27bdb3,2013,Mercedes-Benz,GLK-Class,GLK350,SUV,automatic,ca,34,21052,gray,black,mercedes-benz usa,29500,25500,Thu Dec 18 2014 12:00:00 GMT-0800 (PST)
9071df62-dac9-4b8c-be4e-cd634df62137,2013,Kia,Sportage,LX,SUV,automatic,ca,25,40331,gray,gray,avis rac/san leandro,15050,15200,Wed Dec 17 2014 12:30:00 GMT-0800 (PST)
3492787d-0d0f-4ac3-94a9-7b92a1949a9f,2013,Nissan,Altima,2.5,Sedan,automatic,ca,24,35591,gray,black,merchants leasing,13600,12700,Wed Jan 07 2015 12:30:00 GMT-0800 (PST)
99cbf748-c5df-4d68-9d22-7437c52c050a,2013,Mercedes-Benz,S-Class,S550,Sedan,automatic,ca,44,14557,black,black,mercedes-benz financial services,53000,51500,Thu Jan 29 2015 04:30:00 GMT-0800 (PST)
42daa2b0-4e6c-4f1c-b3dd-ba294021b2b1,2013,Jeep,Wrangler,Unlimited Sport,SUV,automatic,ca,43,41997,black,black,avis corporation,24200,25250,Tue Dec 30 2014 15:00:00 GMT-0800 (PST)
6a30c466-15bf-43fa-9f05-c1be819a2cab,2013,Mercedes-Benz,C-Class,C250,Coupe,automatic,ca,35,10782,gray,black,mercedes-benz financial services,26000,26000,Thu Jan 15 2015 04:30:00 GMT-0800 (PST)
5f84fe0b-a03d-4658-908d-ad24d3f607a7,2013,Infiniti,G Sedan,G37 Journey,G Sedan,manual,ca,43,21898,gray,black,nissan infiniti lt,25400,26250,Wed Dec 17 2014 12:30:00 GMT-0800 (PST)
fa64191b-81f1-4bd2-967b-16ea0c18e027,2013,Mazda,Mazda3,i Sport,Sedan,automatic,ca,2,45649,black,black,jpmorgan chase bank n.a.,10250,10000,Tue Dec 16 2014 12:30:00 GMT-0800 (PST)
f4959b99-92a3-44fc-b2f5-435505d8e271,2013,Nissan,Altima,2.5,Sedan,automatic,ca,36,40425,white,white,merchants leasing,13200,12500,Wed Dec 17 2014 12:30:00 GMT-0800 (PST)
fcd61cf0-0746-47d8-9989-be5404294370,2013,Mercedes-Benz,S-Class,S550,Sedan,automatic,ca,36,24168,black,black,mercedes-benz financial services,55300,56250,Thu Dec 18 2014 12:30:00 GMT-0800 (PST)
57f9a3b8-c431-4c4e-b405-cffe755efc72,2013,Jeep,Grand Cherokee,Limited,SUV,automatic,ca,43,39566,black,black,avis corporation,25200,26750,Tue Dec 16 2014 12:30:00 GMT-0800 (PST)
c7da7348-f2b9-4acc-a8a9-2d85f17cd6f7,2013,Mercedes-Benz,C-Class,C250,Coupe,automatic,ca,37,18960,black,beige,mercedes-benz financial services,25300,22750,Thu Jan 15 2015 04:30:00 GMT-0800 (PST)
512113cc-a3ec-456e-8751-81d738e4c838,2013,Kia,Optima,EX Hybrid,Sedan,automatic,ca,41,21258,white,beige,kia motors america  inc,15900,16400,Tue Dec 16 2014 12:30:00 GMT-0800 (PST)
33e22210-71b5-4608-a872-28bd1adbad61,2013,Kia,Forte,LX,Sedan,automatic,ca,2,81410,black,gray,kia motors finance,6775,2700,Tue Jan 13 2015 12:00:00 GMT-0800 (PST)
89174a1e-3337-44d6-b289-eab8e6be53d6,2013,Kia,Optima,EX Hybrid,Sedan,automatic,ca,44,20984,white,black,kia motors america  inc,15900,16500,Tue Dec 16 2014 12:30:00 GMT-0800 (PST)
a03b0a5c-1dd7-4e93-aeb3-d57eacf8b68e,2013,Kia,Optima,LX,Sedan,automatic,ca,33,26360,brown,beige,gm financial,13450,13300,Wed Dec 17 2014 12:30:00 GMT-0800 (PST)
190be05f-c5a6-4169-9ed7-b57619351b23,2013,Kia,Optima,LX,Sedan,,ca,38,17689,purple,gray,kia motors finance,13900,14800,Tue Dec 16 2014 12:00:00 GMT-0800 (PST)
1de58513-22c4-4813-afd9-93a8ce69b0b9,2013,Infiniti,G Sedan,G37x,G Sedan,automatic,ca,38,46548,gray,gray,nissan infiniti lt,20700,21000,Thu Dec 18 2014 12:30:00 GMT-0800 (PST)
59bdbeec-2ddc-4ca1-9ea5-4859b8686f77,2013,Infiniti,G Sedan,G37 Journey,G Sedan,automatic,ca,45,35450,gray,black,nissan infiniti lt,21400,23000,Thu Dec 18 2014 12:30:00 GMT-0800 (PST)
c7eb53cf-c96b-4c1c-b9ce-7f094c27ba8a,2013,Mercedes-Benz,E-Class,E350 Sport BlueTEC,Sedan,automatic,ca,47,28463,—,black,mercedes-benz financial services,36900,36250,Thu Dec 18 2014 12:30:00 GMT-0800 (PST)
8a91f080-85db-4340-bdd6-5582b4070839,2013,Kia,Optima,LX,Sedan,automatic,ca,48,8177,silver,gray,kia motors finance,14450,15300,Tue Dec 16 2014 12:00:00 GMT-0800 (PST)
6801a53a-ffbd-4eda-9d79-c585915d3f4b,2013,lincoln,mkt,awd v6,,automatic,ca,41,74874,black,black,remarketing by ge/manheim southern california,19300,17750,Thu Dec 18 2014 12:00:00 GMT-0800 (PST)
7bce0dc0-f157-4d96-9501-cf58a3d36a52,2013,Infiniti,G Sedan,G37 Journey,G Sedan,manual,ca,43,13149,black,black,nissan infiniti lt,27100,28250,Thu Dec 18 2014 12:30:00 GMT-0800 (PST)
35da31ef-e9eb-40af-9b76-b2296d57a9e8,2013,Lincoln,MKX,Base,SUV,automatic,ca,43,39459,burgundy,tan,avis rac/san leandro,24700,24500,Wed Dec 17 2014 12:30:00 GMT-0800 (PST)
376afc7b-d51f-4919-8f2d-be452989647b,2013,Jaguar,XF,Base,Sedan,automatic,ca,42,10067,black,tan,jaguar north america llc,33700,26000,Thu Dec 18 2014 12:30:00 GMT-0800 (PST)
1811cad9-50be-452b-9c05-62e199d8f487,2013,Land Rover,Range Rover Evoque,Pure,SUV,automatic,ca,,25808,white,tan,jpmorgan chase bank n.a.,31700,30000,Thu Dec 18 2014 12:30:00 GMT-0800 (PST)
e899f305-b8c1-46db-82f0-f2e382f8df61,2013,Mercedes-Benz,C-Class,C250 Sport,Sedan,automatic,ca,43,23615,white,black,hoehn motors inc,22600,22250,Tue Dec 16 2014 12:30:00 GMT-0800 (PST)
6a2fd377-17e1-4900-900a-bd820cbdde40,2013,Lexus,GS 350,Base,Sedan,automatic,ca,35,21189,silver,black,lexus financial services,34200,31900,Wed Jan 21 2015 05:00:00 GMT-0800 (PST)
b7103dc5-bd08-45fb-a463-76cf344690dc,2013,Kia,Optima,EX Hybrid,Sedan,automatic,ca,43,21642,white,black,kia motors america  inc,15900,16600,Tue Dec 16 2014 12:30:00 GMT-0800 (PST)
cbf0adbb-96da-4628-90f4-8735b098021a,2013,Kia,Sportage,LX,SUV,automatic,ca,46,32685,blue,black,kia motors america  inc,14000,15250,Tue Dec 16 2014 12:30:00 GMT-0800 (PST)
b5c2862c-92c5-47d3-8ae1-304f43136d5d,2013,Kia,Soul,+,Wagon,automatic,ca,3,39476,black,black,dollar thrifty damage liquidation,11400,6000,Tue Dec 16 2014 13:00:00 GMT-0800 (PST)
db41062a-3721-482a-857b-72a8dacd7c2a,2013,Mazda,Mazda5,Sport,Minivan,automatic,ca,35,36898,gray,tan,avis corporation,12400,13100,Fri Dec 26 2014 15:00:00 GMT-0800 (PST)
26349114-0823-422f-860a-274a5b04d6ed,2013,Kia,Optima,LX,Sedan,automatic,ca,42,13929,white,beige,kia motors finance,14150,14300,Tue Dec 16 2014 12:00:00 GMT-0800 (PST)
39a70261-af3a-43e1-9275-aa410f768865,2013,Nissan,Altima,2.5,Sedan,automatic,ca,4,37182,gray,black,avis corporation,12900,13300,Tue Dec 16 2014 12:30:00 GMT-0800 (PST)
9920eb40-fcf2-4aef-95f6-e43b27d8ce9b,2013,Nissan,Altima,2.5,Sedan,automatic,ca,4,39159,silver,black,enterprise vehicle exchange/orange,12800,13500,Tue Dec 16 2014 12:30:00 GMT-0800 (PST)
15f4bd90-86f6-44d4-adcd-b6ae8bd78598,2013,Mazda,Mazda5,Sport,Minivan,automatic,ca,45,7787,white,beige,tycon enterprises,14200,14000,Tue Dec 16 2014 12:30:00 GMT-0800 (PST)
ad9a6688-9cd9-4920-a29c-7640d895a1e4,2013,Mercedes-Benz,GL-Class,GL450 4MATIC,SUV,automatic,ca,42,26853,gray,black,mercedes-benz usa,46200,48000,Thu Dec 18 2014 12:00:00 GMT-0800 (PST)
b1b278f2-c89e-4868-a9cd-164eacaa3e76,2013,MINI,Cooper Countryman,Base,Wagon,automatic,ca,39,41357,silver,black,avis rac/san leandro,16300,16500,Wed Dec 31 2014 12:30:00 GMT-0800 (PST)
372f4f3e-ff0c-4710-b28f-2df4de2e6351,2013,Mercedes-Benz,M-Class,ML350,SUV,automatic,ca,5,6536,silver,black,mercedes-benz finc services premier program,40400,42750,Thu Dec 18 2014 12:30:00 GMT-0800 (PST)
4d64d15f-b2f2-45d6-9243-3789e4b22053,2013,Mercedes-Benz,C-Class,C250,Coupe,automatic,ca,41,19780,black,black,mercedes-benz financial services,25300,23750,Thu Jan 15 2015 04:30:00 GMT-0800 (PST)
a0bb7a5e-2d1a-4802-81be-5c6e09a90be5,2013,Nissan,Altima,2.5 S,Coupe,automatic,ca,35,38530,white,black,avis corporation,13200,13600,Thu Jan 08 2015 11:30:00 GMT-0800 (PST)
a959bea3-e77c-42b8-ae06-20616b05653f,2013,Mercedes-Benz,M-Class,ML350,SUV,,ca,,32532,,,trade in solutions irvine,36100,34500,Tue Dec 16 2014 12:30:00 GMT-0800 (PST)
75e8f1b3-3e48-4d48-b6f6-e47cdd5e18f6,2013,Land Rover,Range Rover Evoque,Pure Plus,SUV,automatic,ca,46,9214,white,black,high bid trading co inc,37400,39000,Thu Dec 18 2014 12:00:00 GMT-0800 (PST)
e04b93c4-1fa2-43c3-81e1-c5c3d585c174,2013,Nissan,Altima,2.5 S,Coupe,automatic,ca,34,36975,red,black,avis rac/san leandro,13000,13500,Wed Dec 17 2014 12:30:00 GMT-0800 (PST)
d50448f0-942b-45c9-8d53-4dda9f9ad34a,2013,Kia,Rio,EX,Hatchback,automatic,ca,41,11342,black,black,jpmorgan chase bank n.a.,10500,12000,Thu Dec 18 2014 12:00:00 GMT-0800 (PST)
51a67b17-824c-4611-84d4-f0c4b1aa737b,2013,Infiniti,G Sedan,G37x,G Sedan,automatic,ca,37,44723,black,—,the hertz corporation,20900,20401,Thu Dec 18 2014 12:30:00 GMT-0800 (PST)
46f87082-21c2-4170-b630-eb17b77b4e20,2013,Mercedes-Benz,S-Class,S550,Sedan,automatic,ca,35,38407,black,black,us bank,53300,54000,Thu Dec 18 2014 12:30:00 GMT-0800 (PST)
e9ab3596-238f-4015-a530-9c9d5bc41cb9,2013,Kia,Forte,LX,Sedan,automatic,ca,37,39081,white,beige,kia motors finance,8075,8500,Tue Jan 13 2015 12:30:00 GMT-0800 (PST)
18e08472-e7d0-42ac-8680-a697fdd052f3,2013,Kia,Optima,LX,Sedan,automatic,ca,37,35707,silver,gray,enterprise veh exchange/rental,12900,13300,Wed Dec 17 2014 12:30:00 GMT-0800 (PST)
77c831ee-6a12-4762-abc2-cf41b0daf19d,2013,Mercedes-Benz,S-Class,S550,Sedan,automatic,ca,42,38691,black,black,mercedes-benz financial services,47900,48000,Thu Jan 29 2015 04:30:00 GMT-0800 (PST)
405cee8f-aad3-4010-b199-db7b3c7bbccf,2013,Nissan,Altima,2.5,Sedan,automatic,ca,4,38666,silver,black,avis rac/san leandro,12850,13300,Wed Dec 17 2014 12:30:00 GMT-0800 (PST)
1d33f87b-b026-49d8-ae98-44509d99a99f,2013,Jeep,Wrangler,Unlimited Sport,SUV,automatic,ca,37,42482,black,black,avis corporation,24200,25000,Tue Dec 30 2014 15:00:00 GMT-0800 (PST)
4d1a13eb-a642-45a4-a1c8-684ea066e7ee,2013,Land Rover,Range Rover Evoque,Pure Premium,SUV,automatic,ca,5,5403,gray,black,land rover north america llc,38600,30500,Thu Dec 18 2014 12:30:00 GMT-0800 (PST)
60fbcbc5-0e3e-4d8d-bd04-d6ea34e6f7e5,2013,Mazda,CX-9,Touring,SUV,automatic,ca,45,40884,black,black,avis corporation,18800,19600,Thu Dec 18 2014 11:30:00 GMT-0800 (PST)
10e96a7e-4adb-45fc-a58a-f5cde4ee4ffb,2013,Mazda,Mazda2,Touring,Hatchback,automatic,ca,,37317,white,black,hertz/tra,8625,2600,Wed Dec 17 2014 15:05:00 GMT-0800 (PST)
f49a796a-35c1-4420-8932-4b57503ec882,2013,Mercedes-Benz,S-Class,S550,Sedan,automatic,ca,41,33776,black,black,mercedes-benz financial services,49500,46500,Thu Jan 15 2015 04:30:00 GMT-0800 (PST)
